Loan_ID,Gender,Married,Dependents,Education,Self_Employed,ApplicantIncome,CoapplicantIncome,LoanAmount,Loan_Amount_Term,Credit_History,Property_Area,Loan_Status (Approved),Loan_ID_filled,Gender_filled,Married_filled,Dependents_filled,Dependents_label,Education_filled,Self_Employed_filled,ApplicantIncome_filled,LoanAmount_filled,Credit_History_filled,Loan_Amount_Term_filled,Property_Area_filled
LP001002,Male,No,0,Graduate,No,5849,0.0,,360.0,1.0,Urban,Y,LP001002,Male,No,0,0,Graduate,No,5849,128.0,1.0,360.0,Urban
LP001003,Male,Yes,1,Graduate,No,4583,1508.0,128.0,360.0,1.0,Rural,N,LP001003,Male,Yes,1,1,Graduate,No,4583,128.0,1.0,360.0,Rural
LP001005,Male,Yes,0,Graduate,Yes,3000,0.0,66.0,360.0,1.0,Urban,Y,LP001005,Male,Yes,0,0,Graduate,Yes,3000,66.0,1.0,360.0,Urban
LP001006,Male,Yes,0,Not Graduate,No,2583,2358.0,120.0,360.0,1.0,Urban,Y,LP001006,Male,Yes,0,0,Not Graduate,No,2583,120.0,1.0,360.0,Urban
LP001008,Male,No,0,Graduate,No,6000,0.0,141.0,360.0,1.0,Urban,Y,LP001008,Male,No,0,0,Graduate,No,6000,141.0,1.0,360.0,Urban
LP001011,Male,Yes,2,Graduate,Yes,5417,4196.0,267.0,360.0,1.0,Urban,Y,LP001011,Male,Yes,2,2,Graduate,Yes,5417,267.0,1.0,360.0,Urban
LP001013,Male,Yes,0,Not Graduate,No,2333,1516.0,95.0,360.0,1.0,Urban,Y,LP001013,Male,Yes,0,0,Not Graduate,No,2333,95.0,1.0,360.0,Urban
LP001014,Male,Yes,3+,Graduate,No,3036,2504.0,158.0,360.0,0.0,Semiurban,N,LP001014,Male,Yes,3+,3,Graduate,No,3036,158.0,0.0,360.0,Semiurban
LP001018,Male,Yes,2,Graduate,No,4006,1526.0,168.0,360.0,1.0,Urban,Y,LP001018,Male,Yes,2,2,Graduate,No,4006,168.0,1.0,360.0,Urban
LP001020,Male,Yes,1,Graduate,No,12841,10968.0,349.0,360.0,1.0,Semiurban,N,LP001020,Male,Yes,1,1,Graduate,No,12841,349.0,1.0,360.0,Semiurban
LP001024,Male,Yes,2,Graduate,No,3200,700.0,70.0,360.0,1.0,Urban,Y,LP001024,Male,Yes,2,2,Graduate,No,3200,70.0,1.0,360.0,Urban
LP001027,Male,Yes,2,Graduate,,2500,1840.0,109.0,360.0,1.0,Urban,Y,LP001027,Male,Yes,2,2,Graduate,No,2500,109.0,1.0,360.0,Urban
LP001028,Male,Yes,2,Graduate,No,3073,8106.0,200.0,360.0,1.0,Urban,Y,LP001028,Male,Yes,2,2,Graduate,No,3073,200.0,1.0,360.0,Urban
LP001029,Male,No,0,Graduate,No,1853,2840.0,114.0,360.0,1.0,Rural,N,LP001029,Male,No,0,0,Graduate,No,1853,114.0,1.0,360.0,Rural
LP001030,Male,Yes,2,Graduate,No,1299,1086.0,17.0,120.0,1.0,Urban,Y,LP001030,Male,Yes,2,2,Graduate,No,1299,17.0,1.0,120.0,Urban
LP001032,Male,No,0,Graduate,No,4950,0.0,125.0,360.0,1.0,Urban,Y,LP001032,Male,No,0,0,Graduate,No,4950,125.0,1.0,360.0,Urban
LP001034,Male,No,1,Not Graduate,No,3596,0.0,100.0,240.0,,Urban,Y,LP001034,Male,No,1,1,Not Graduate,No,3596,100.0,1.0,240.0,Urban
LP001036,Female,No,0,Graduate,No,3510,0.0,76.0,360.0,0.0,Urban,N,LP001036,Female,No,0,0,Graduate,No,3510,76.0,0.0,360.0,Urban
LP001038,Male,Yes,0,Not Graduate,No,4887,0.0,133.0,360.0,1.0,Rural,N,LP001038,Male,Yes,0,0,Not Graduate,No,4887,133.0,1.0,360.0,Rural
LP001041,Male,Yes,0,Graduate,,2600,3500.0,115.0,,1.0,Urban,Y,LP001041,Male,Yes,0,0,Graduate,No,2600,115.0,1.0,360.0,Urban
LP001043,Male,Yes,0,Not Graduate,No,7660,0.0,104.0,360.0,0.0,Urban,N,LP001043,Male,Yes,0,0,Not Graduate,No,7660,104.0,0.0,360.0,Urban
LP001046,Male,Yes,1,Graduate,No,5955,5625.0,315.0,360.0,1.0,Urban,Y,LP001046,Male,Yes,1,1,Graduate,No,5955,315.0,1.0,360.0,Urban
LP001047,Male,Yes,0,Not Graduate,No,2600,1911.0,116.0,360.0,0.0,Semiurban,N,LP001047,Male,Yes,0,0,Not Graduate,No,2600,116.0,0.0,360.0,Semiurban
LP001050,,Yes,2,Not Graduate,No,3365,1917.0,112.0,360.0,0.0,Rural,N,LP001050,Male,Yes,2,2,Not Graduate,No,3365,112.0,0.0,360.0,Rural
LP001052,Male,Yes,1,Graduate,,3717,2925.0,151.0,360.0,,Semiurban,N,LP001052,Male,Yes,1,1,Graduate,No,3717,151.0,1.0,360.0,Semiurban
LP001066,Male,Yes,0,Graduate,Yes,9560,0.0,191.0,360.0,1.0,Semiurban,Y,LP001066,Male,Yes,0,0,Graduate,Yes,9560,191.0,1.0,360.0,Semiurban
LP001068,Male,Yes,0,Graduate,No,2799,2253.0,122.0,360.0,1.0,Semiurban,Y,LP001068,Male,Yes,0,0,Graduate,No,2799,122.0,1.0,360.0,Semiurban
LP001073,Male,Yes,2,Not Graduate,No,4226,1040.0,110.0,360.0,1.0,Urban,Y,LP001073,Male,Yes,2,2,Not Graduate,No,4226,110.0,1.0,360.0,Urban
LP001086,Male,No,0,Not Graduate,No,1442,0.0,35.0,360.0,1.0,Urban,N,LP001086,Male,No,0,0,Not Graduate,No,1442,35.0,1.0,360.0,Urban
LP001087,Female,No,2,Graduate,,3750,2083.0,120.0,360.0,1.0,Semiurban,Y,LP001087,Female,No,2,2,Graduate,No,3750,120.0,1.0,360.0,Semiurban
LP001091,Male,Yes,1,Graduate,,4166,3369.0,201.0,360.0,,Urban,N,LP001091,Male,Yes,1,1,Graduate,No,4166,201.0,1.0,360.0,Urban
LP001095,Male,No,0,Graduate,No,3167,0.0,74.0,360.0,1.0,Urban,N,LP001095,Male,No,0,0,Graduate,No,3167,74.0,1.0,360.0,Urban
LP001097,Male,No,1,Graduate,Yes,4692,0.0,106.0,360.0,1.0,Rural,N,LP001097,Male,No,1,1,Graduate,Yes,4692,106.0,1.0,360.0,Rural
LP001098,Male,Yes,0,Graduate,No,3500,1667.0,114.0,360.0,1.0,Semiurban,Y,LP001098,Male,Yes,0,0,Graduate,No,3500,114.0,1.0,360.0,Semiurban
LP001100,Male,No,3+,Graduate,No,12500,3000.0,320.0,360.0,1.0,Rural,N,LP001100,Male,No,3+,3,Graduate,No,12500,320.0,1.0,360.0,Rural
LP001106,Male,Yes,0,Graduate,No,2275,2067.0,,360.0,1.0,Urban,Y,LP001106,Male,Yes,0,0,Graduate,No,2275,128.0,1.0,360.0,Urban
LP001109,Male,Yes,0,Graduate,No,1828,1330.0,100.0,,0.0,Urban,N,LP001109,Male,Yes,0,0,Graduate,No,1828,100.0,0.0,360.0,Urban
LP001112,Female,Yes,0,Graduate,No,3667,1459.0,144.0,360.0,1.0,Semiurban,Y,LP001112,Female,Yes,0,0,Graduate,No,3667,144.0,1.0,360.0,Semiurban
LP001114,Male,No,0,Graduate,No,4166,7210.0,184.0,360.0,1.0,Urban,Y,LP001114,Male,No,0,0,Graduate,No,4166,184.0,1.0,360.0,Urban
LP001116,Male,No,0,Not Graduate,No,3748,1668.0,110.0,360.0,1.0,Semiurban,Y,LP001116,Male,No,0,0,Not Graduate,No,3748,110.0,1.0,360.0,Semiurban
LP001119,Male,No,0,Graduate,No,3600,0.0,80.0,360.0,1.0,Urban,N,LP001119,Male,No,0,0,Graduate,No,3600,80.0,1.0,360.0,Urban
LP001120,Male,No,0,Graduate,No,1800,1213.0,47.0,360.0,1.0,Urban,Y,LP001120,Male,No,0,0,Graduate,No,1800,47.0,1.0,360.0,Urban
LP001123,Male,Yes,0,Graduate,No,2400,0.0,75.0,360.0,,Urban,Y,LP001123,Male,Yes,0,0,Graduate,No,2400,75.0,1.0,360.0,Urban
LP001131,Male,Yes,0,Graduate,No,3941,2336.0,134.0,360.0,1.0,Semiurban,Y,LP001131,Male,Yes,0,0,Graduate,No,3941,134.0,1.0,360.0,Semiurban
LP001136,Male,Yes,0,Not Graduate,Yes,4695,0.0,96.0,,1.0,Urban,Y,LP001136,Male,Yes,0,0,Not Graduate,Yes,4695,96.0,1.0,360.0,Urban
LP001137,Female,No,0,Graduate,No,3410,0.0,88.0,,1.0,Urban,Y,LP001137,Female,No,0,0,Graduate,No,3410,88.0,1.0,360.0,Urban
LP001138,Male,Yes,1,Graduate,No,5649,0.0,44.0,360.0,1.0,Urban,Y,LP001138,Male,Yes,1,1,Graduate,No,5649,44.0,1.0,360.0,Urban
LP001144,Male,Yes,0,Graduate,No,5821,0.0,144.0,360.0,1.0,Urban,Y,LP001144,Male,Yes,0,0,Graduate,No,5821,144.0,1.0,360.0,Urban
LP001146,Female,Yes,0,Graduate,No,2645,3440.0,120.0,360.0,0.0,Urban,N,LP001146,Female,Yes,0,0,Graduate,No,2645,120.0,0.0,360.0,Urban
LP001151,Female,No,0,Graduate,No,4000,2275.0,144.0,360.0,1.0,Semiurban,Y,LP001151,Female,No,0,0,Graduate,No,4000,144.0,1.0,360.0,Semiurban
LP001155,Female,Yes,0,Not Graduate,No,1928,1644.0,100.0,360.0,1.0,Semiurban,Y,LP001155,Female,Yes,0,0,Not Graduate,No,1928,100.0,1.0,360.0,Semiurban
LP001157,Female,No,0,Graduate,No,3086,0.0,120.0,360.0,1.0,Semiurban,Y,LP001157,Female,No,0,0,Graduate,No,3086,120.0,1.0,360.0,Semiurban
LP001164,Female,No,0,Graduate,No,4230,0.0,112.0,360.0,1.0,Semiurban,N,LP001164,Female,No,0,0,Graduate,No,4230,112.0,1.0,360.0,Semiurban
LP001179,Male,Yes,2,Graduate,No,4616,0.0,134.0,360.0,1.0,Urban,N,LP001179,Male,Yes,2,2,Graduate,No,4616,134.0,1.0,360.0,Urban
LP001186,Female,Yes,1,Graduate,Yes,11500,0.0,286.0,360.0,0.0,Urban,N,LP001186,Female,Yes,1,1,Graduate,Yes,11500,286.0,0.0,360.0,Urban
LP001194,Male,Yes,2,Graduate,No,2708,1167.0,97.0,360.0,1.0,Semiurban,Y,LP001194,Male,Yes,2,2,Graduate,No,2708,97.0,1.0,360.0,Semiurban
LP001195,Male,Yes,0,Graduate,No,2132,1591.0,96.0,360.0,1.0,Semiurban,Y,LP001195,Male,Yes,0,0,Graduate,No,2132,96.0,1.0,360.0,Semiurban
LP001197,Male,Yes,0,Graduate,No,3366,2200.0,135.0,360.0,1.0,Rural,N,LP001197,Male,Yes,0,0,Graduate,No,3366,135.0,1.0,360.0,Rural
LP001198,Male,Yes,1,Graduate,No,8080,2250.0,180.0,360.0,1.0,Urban,Y,LP001198,Male,Yes,1,1,Graduate,No,8080,180.0,1.0,360.0,Urban
LP001199,Male,Yes,2,Not Graduate,No,3357,2859.0,144.0,360.0,1.0,Urban,Y,LP001199,Male,Yes,2,2,Not Graduate,No,3357,144.0,1.0,360.0,Urban
LP001205,Male,Yes,0,Graduate,No,2500,3796.0,120.0,360.0,1.0,Urban,Y,LP001205,Male,Yes,0,0,Graduate,No,2500,120.0,1.0,360.0,Urban
LP001206,Male,Yes,3+,Graduate,No,3029,0.0,99.0,360.0,1.0,Urban,Y,LP001206,Male,Yes,3+,3,Graduate,No,3029,99.0,1.0,360.0,Urban
LP001207,Male,Yes,0,Not Graduate,Yes,2609,3449.0,165.0,180.0,0.0,Rural,N,LP001207,Male,Yes,0,0,Not Graduate,Yes,2609,165.0,0.0,180.0,Rural
LP001213,Male,Yes,1,Graduate,No,4945,0.0,,360.0,0.0,Rural,N,LP001213,Male,Yes,1,1,Graduate,No,4945,128.0,0.0,360.0,Rural
LP001222,Female,No,0,Graduate,No,4166,0.0,116.0,360.0,0.0,Semiurban,N,LP001222,Female,No,0,0,Graduate,No,4166,116.0,0.0,360.0,Semiurban
LP001225,Male,Yes,0,Graduate,No,5726,4595.0,258.0,360.0,1.0,Semiurban,N,LP001225,Male,Yes,0,0,Graduate,No,5726,258.0,1.0,360.0,Semiurban
LP001228,Male,No,0,Not Graduate,No,3200,2254.0,126.0,180.0,0.0,Urban,N,LP001228,Male,No,0,0,Not Graduate,No,3200,126.0,0.0,180.0,Urban
LP001233,Male,Yes,1,Graduate,No,10750,0.0,312.0,360.0,1.0,Urban,Y,LP001233,Male,Yes,1,1,Graduate,No,10750,312.0,1.0,360.0,Urban
LP001238,Male,Yes,3+,Not Graduate,Yes,7100,0.0,125.0,60.0,1.0,Urban,Y,LP001238,Male,Yes,3+,3,Not Graduate,Yes,7100,125.0,1.0,60.0,Urban
LP001241,Female,No,0,Graduate,No,4300,0.0,136.0,360.0,0.0,Semiurban,N,LP001241,Female,No,0,0,Graduate,No,4300,136.0,0.0,360.0,Semiurban
LP001243,Male,Yes,0,Graduate,No,3208,3066.0,172.0,360.0,1.0,Urban,Y,LP001243,Male,Yes,0,0,Graduate,No,3208,172.0,1.0,360.0,Urban
LP001245,Male,Yes,2,Not Graduate,Yes,1875,1875.0,97.0,360.0,1.0,Semiurban,Y,LP001245,Male,Yes,2,2,Not Graduate,Yes,1875,97.0,1.0,360.0,Semiurban
LP001248,Male,No,0,Graduate,No,3500,0.0,81.0,300.0,1.0,Semiurban,Y,LP001248,Male,No,0,0,Graduate,No,3500,81.0,1.0,300.0,Semiurban
LP001250,Male,Yes,3+,Not Graduate,No,4755,0.0,95.0,,0.0,Semiurban,N,LP001250,Male,Yes,3+,3,Not Graduate,No,4755,95.0,0.0,360.0,Semiurban
LP001253,Male,Yes,3+,Graduate,Yes,5266,1774.0,187.0,360.0,1.0,Semiurban,Y,LP001253,Male,Yes,3+,3,Graduate,Yes,5266,187.0,1.0,360.0,Semiurban
LP001255,Male,No,0,Graduate,No,3750,0.0,113.0,480.0,1.0,Urban,N,LP001255,Male,No,0,0,Graduate,No,3750,113.0,1.0,480.0,Urban
LP001256,Male,No,0,Graduate,No,3750,4750.0,176.0,360.0,1.0,Urban,N,LP001256,Male,No,0,0,Graduate,No,3750,176.0,1.0,360.0,Urban
LP001259,Male,Yes,1,Graduate,Yes,1000,3022.0,110.0,360.0,1.0,Urban,N,LP001259,Male,Yes,1,1,Graduate,Yes,1000,110.0,1.0,360.0,Urban
LP001263,Male,Yes,3+,Graduate,No,3167,4000.0,180.0,300.0,0.0,Semiurban,N,LP001263,Male,Yes,3+,3,Graduate,No,3167,180.0,0.0,300.0,Semiurban
LP001264,Male,Yes,3+,Not Graduate,Yes,3333,2166.0,130.0,360.0,,Semiurban,Y,LP001264,Male,Yes,3+,3,Not Graduate,Yes,3333,130.0,1.0,360.0,Semiurban
LP001265,Female,No,0,Graduate,No,3846,0.0,111.0,360.0,1.0,Semiurban,Y,LP001265,Female,No,0,0,Graduate,No,3846,111.0,1.0,360.0,Semiurban
LP001266,Male,Yes,1,Graduate,Yes,2395,0.0,,360.0,1.0,Semiurban,Y,LP001266,Male,Yes,1,1,Graduate,Yes,2395,128.0,1.0,360.0,Semiurban
LP001267,Female,Yes,2,Graduate,No,1378,1881.0,167.0,360.0,1.0,Urban,N,LP001267,Female,Yes,2,2,Graduate,No,1378,167.0,1.0,360.0,Urban
LP001273,Male,Yes,0,Graduate,No,6000,2250.0,265.0,360.0,,Semiurban,N,LP001273,Male,Yes,0,0,Graduate,No,6000,265.0,1.0,360.0,Semiurban
LP001275,Male,Yes,1,Graduate,No,3988,0.0,50.0,240.0,1.0,Urban,Y,LP001275,Male,Yes,1,1,Graduate,No,3988,50.0,1.0,240.0,Urban
LP001279,Male,No,0,Graduate,No,2366,2531.0,136.0,360.0,1.0,Semiurban,Y,LP001279,Male,No,0,0,Graduate,No,2366,136.0,1.0,360.0,Semiurban
LP001280,Male,Yes,2,Not Graduate,No,3333,2000.0,99.0,360.0,,Semiurban,Y,LP001280,Male,Yes,2,2,Not Graduate,No,3333,99.0,1.0,360.0,Semiurban
LP001282,Male,Yes,0,Graduate,No,2500,2118.0,104.0,360.0,1.0,Semiurban,Y,LP001282,Male,Yes,0,0,Graduate,No,2500,104.0,1.0,360.0,Semiurban
LP001289,Male,No,0,Graduate,No,8566,0.0,210.0,360.0,1.0,Urban,Y,LP001289,Male,No,0,0,Graduate,No,8566,210.0,1.0,360.0,Urban
LP001310,Male,Yes,0,Graduate,No,5695,4167.0,175.0,360.0,1.0,Semiurban,Y,LP001310,Male,Yes,0,0,Graduate,No,5695,175.0,1.0,360.0,Semiurban
LP001316,Male,Yes,0,Graduate,No,2958,2900.0,131.0,360.0,1.0,Semiurban,Y,LP001316,Male,Yes,0,0,Graduate,No,2958,131.0,1.0,360.0,Semiurban
LP001318,Male,Yes,2,Graduate,No,6250,5654.0,188.0,180.0,1.0,Semiurban,Y,LP001318,Male,Yes,2,2,Graduate,No,6250,188.0,1.0,180.0,Semiurban
LP001319,Male,Yes,2,Not Graduate,No,3273,1820.0,81.0,360.0,1.0,Urban,Y,LP001319,Male,Yes,2,2,Not Graduate,No,3273,81.0,1.0,360.0,Urban
LP001322,Male,No,0,Graduate,No,4133,0.0,122.0,360.0,1.0,Semiurban,Y,LP001322,Male,No,0,0,Graduate,No,4133,122.0,1.0,360.0,Semiurban
LP001325,Male,No,0,Not Graduate,No,3620,0.0,25.0,120.0,1.0,Semiurban,Y,LP001325,Male,No,0,0,Not Graduate,No,3620,25.0,1.0,120.0,Semiurban
LP001326,Male,No,0,Graduate,,6782,0.0,,360.0,,Urban,N,LP001326,Male,No,0,0,Graduate,No,6782,128.0,1.0,360.0,Urban
LP001327,Female,Yes,0,Graduate,No,2484,2302.0,137.0,360.0,1.0,Semiurban,Y,LP001327,Female,Yes,0,0,Graduate,No,2484,137.0,1.0,360.0,Semiurban
LP001333,Male,Yes,0,Graduate,No,1977,997.0,50.0,360.0,1.0,Semiurban,Y,LP001333,Male,Yes,0,0,Graduate,No,1977,50.0,1.0,360.0,Semiurban
LP001334,Male,Yes,0,Not Graduate,No,4188,0.0,115.0,180.0,1.0,Semiurban,Y,LP001334,Male,Yes,0,0,Not Graduate,No,4188,115.0,1.0,180.0,Semiurban
LP001343,Male,Yes,0,Graduate,No,1759,3541.0,131.0,360.0,1.0,Semiurban,Y,LP001343,Male,Yes,0,0,Graduate,No,1759,131.0,1.0,360.0,Semiurban
LP001345,Male,Yes,2,Not Graduate,No,4288,3263.0,133.0,180.0,1.0,Urban,Y,LP001345,Male,Yes,2,2,Not Graduate,No,4288,133.0,1.0,180.0,Urban
LP001349,Male,No,0,Graduate,No,4843,3806.0,151.0,360.0,1.0,Semiurban,Y,LP001349,Male,No,0,0,Graduate,No,4843,151.0,1.0,360.0,Semiurban
LP001350,Male,Yes,,Graduate,No,13650,0.0,,360.0,1.0,Urban,Y,LP001350,Male,Yes,0,0,Graduate,No,13650,128.0,1.0,360.0,Urban
LP001356,Male,Yes,0,Graduate,No,4652,3583.0,,360.0,1.0,Semiurban,Y,LP001356,Male,Yes,0,0,Graduate,No,4652,128.0,1.0,360.0,Semiurban
LP001357,Male,,,Graduate,No,3816,754.0,160.0,360.0,1.0,Urban,Y,LP001357,Male,Yes,0,0,Graduate,No,3816,160.0,1.0,360.0,Urban
LP001367,Male,Yes,1,Graduate,No,3052,1030.0,100.0,360.0,1.0,Urban,Y,LP001367,Male,Yes,1,1,Graduate,No,3052,100.0,1.0,360.0,Urban
LP001369,Male,Yes,2,Graduate,No,11417,1126.0,225.0,360.0,1.0,Urban,Y,LP001369,Male,Yes,2,2,Graduate,No,11417,225.0,1.0,360.0,Urban
LP001370,Male,No,0,Not Graduate,,7333,0.0,120.0,360.0,1.0,Rural,N,LP001370,Male,No,0,0,Not Graduate,No,7333,120.0,1.0,360.0,Rural
LP001379,Male,Yes,2,Graduate,No,3800,3600.0,216.0,360.0,0.0,Urban,N,LP001379,Male,Yes,2,2,Graduate,No,3800,216.0,0.0,360.0,Urban
LP001384,Male,Yes,3+,Not Graduate,No,2071,754.0,94.0,480.0,1.0,Semiurban,Y,LP001384,Male,Yes,3+,3,Not Graduate,No,2071,94.0,1.0,480.0,Semiurban
LP001385,Male,No,0,Graduate,No,5316,0.0,136.0,360.0,1.0,Urban,Y,LP001385,Male,No,0,0,Graduate,No,5316,136.0,1.0,360.0,Urban
LP001387,Female,Yes,0,Graduate,,2929,2333.0,139.0,360.0,1.0,Semiurban,Y,LP001387,Female,Yes,0,0,Graduate,No,2929,139.0,1.0,360.0,Semiurban
LP001391,Male,Yes,0,Not Graduate,No,3572,4114.0,152.0,,0.0,Rural,N,LP001391,Male,Yes,0,0,Not Graduate,No,3572,152.0,0.0,360.0,Rural
LP001392,Female,No,1,Graduate,Yes,7451,0.0,,360.0,1.0,Semiurban,Y,LP001392,Female,No,1,1,Graduate,Yes,7451,128.0,1.0,360.0,Semiurban
LP001398,Male,No,0,Graduate,,5050,0.0,118.0,360.0,1.0,Semiurban,Y,LP001398,Male,No,0,0,Graduate,No,5050,118.0,1.0,360.0,Semiurban
LP001401,Male,Yes,1,Graduate,No,14583,0.0,185.0,180.0,1.0,Rural,Y,LP001401,Male,Yes,1,1,Graduate,No,14583,185.0,1.0,180.0,Rural
LP001404,Female,Yes,0,Graduate,No,3167,2283.0,154.0,360.0,1.0,Semiurban,Y,LP001404,Female,Yes,0,0,Graduate,No,3167,154.0,1.0,360.0,Semiurban
LP001405,Male,Yes,1,Graduate,No,2214,1398.0,85.0,360.0,,Urban,Y,LP001405,Male,Yes,1,1,Graduate,No,2214,85.0,1.0,360.0,Urban
LP001421,Male,Yes,0,Graduate,No,5568,2142.0,175.0,360.0,1.0,Rural,N,LP001421,Male,Yes,0,0,Graduate,No,5568,175.0,1.0,360.0,Rural
LP001422,Female,No,0,Graduate,No,10408,0.0,259.0,360.0,1.0,Urban,Y,LP001422,Female,No,0,0,Graduate,No,10408,259.0,1.0,360.0,Urban
LP001426,Male,Yes,,Graduate,No,5667,2667.0,180.0,360.0,1.0,Rural,Y,LP001426,Male,Yes,0,0,Graduate,No,5667,180.0,1.0,360.0,Rural
LP001430,Female,No,0,Graduate,No,4166,0.0,44.0,360.0,1.0,Semiurban,Y,LP001430,Female,No,0,0,Graduate,No,4166,44.0,1.0,360.0,Semiurban
LP001431,Female,No,0,Graduate,No,2137,8980.0,137.0,360.0,0.0,Semiurban,Y,LP001431,Female,No,0,0,Graduate,No,2137,137.0,0.0,360.0,Semiurban
LP001432,Male,Yes,2,Graduate,No,2957,0.0,81.0,360.0,1.0,Semiurban,Y,LP001432,Male,Yes,2,2,Graduate,No,2957,81.0,1.0,360.0,Semiurban
LP001439,Male,Yes,0,Not Graduate,No,4300,2014.0,194.0,360.0,1.0,Rural,Y,LP001439,Male,Yes,0,0,Not Graduate,No,4300,194.0,1.0,360.0,Rural
LP001443,Female,No,0,Graduate,No,3692,0.0,93.0,360.0,,Rural,Y,LP001443,Female,No,0,0,Graduate,No,3692,93.0,1.0,360.0,Rural
LP001448,,Yes,3+,Graduate,No,23803,0.0,370.0,360.0,1.0,Rural,Y,LP001448,Male,Yes,3+,3,Graduate,No,23803,370.0,1.0,360.0,Rural
LP001449,Male,No,0,Graduate,No,3865,1640.0,,360.0,1.0,Rural,Y,LP001449,Male,No,0,0,Graduate,No,3865,128.0,1.0,360.0,Rural
LP001451,Male,Yes,1,Graduate,Yes,10513,3850.0,160.0,180.0,0.0,Urban,N,LP001451,Male,Yes,1,1,Graduate,Yes,10513,160.0,0.0,180.0,Urban
LP001465,Male,Yes,0,Graduate,No,6080,2569.0,182.0,360.0,,Rural,N,LP001465,Male,Yes,0,0,Graduate,No,6080,182.0,1.0,360.0,Rural
LP001469,Male,No,0,Graduate,Yes,20166,0.0,650.0,480.0,,Urban,Y,LP001469,Male,No,0,0,Graduate,Yes,20166,650.0,1.0,480.0,Urban
LP001473,Male,No,0,Graduate,No,2014,1929.0,74.0,360.0,1.0,Urban,Y,LP001473,Male,No,0,0,Graduate,No,2014,74.0,1.0,360.0,Urban
LP001478,Male,No,0,Graduate,No,2718,0.0,70.0,360.0,1.0,Semiurban,Y,LP001478,Male,No,0,0,Graduate,No,2718,70.0,1.0,360.0,Semiurban
LP001482,Male,Yes,0,Graduate,Yes,3459,0.0,25.0,120.0,1.0,Semiurban,Y,LP001482,Male,Yes,0,0,Graduate,Yes,3459,25.0,1.0,120.0,Semiurban
LP001487,Male,No,0,Graduate,No,4895,0.0,102.0,360.0,1.0,Semiurban,Y,LP001487,Male,No,0,0,Graduate,No,4895,102.0,1.0,360.0,Semiurban
LP001488,Male,Yes,3+,Graduate,No,4000,7750.0,290.0,360.0,1.0,Semiurban,N,LP001488,Male,Yes,3+,3,Graduate,No,4000,290.0,1.0,360.0,Semiurban
LP001489,Female,Yes,0,Graduate,No,4583,0.0,84.0,360.0,1.0,Rural,N,LP001489,Female,Yes,0,0,Graduate,No,4583,84.0,1.0,360.0,Rural
LP001491,Male,Yes,2,Graduate,Yes,3316,3500.0,88.0,360.0,1.0,Urban,Y,LP001491,Male,Yes,2,2,Graduate,Yes,3316,88.0,1.0,360.0,Urban
LP001492,Male,No,0,Graduate,No,14999,0.0,242.0,360.0,0.0,Semiurban,N,LP001492,Male,No,0,0,Graduate,No,14999,242.0,0.0,360.0,Semiurban
LP001493,Male,Yes,2,Not Graduate,No,4200,1430.0,129.0,360.0,1.0,Rural,N,LP001493,Male,Yes,2,2,Not Graduate,No,4200,129.0,1.0,360.0,Rural
LP001497,Male,Yes,2,Graduate,No,5042,2083.0,185.0,360.0,1.0,Rural,N,LP001497,Male,Yes,2,2,Graduate,No,5042,185.0,1.0,360.0,Rural
LP001498,Male,No,0,Graduate,No,5417,0.0,168.0,360.0,1.0,Urban,Y,LP001498,Male,No,0,0,Graduate,No,5417,168.0,1.0,360.0,Urban
LP001504,Male,No,0,Graduate,Yes,6950,0.0,175.0,180.0,1.0,Semiurban,Y,LP001504,Male,No,0,0,Graduate,Yes,6950,175.0,1.0,180.0,Semiurban
LP001507,Male,Yes,0,Graduate,No,2698,2034.0,122.0,360.0,1.0,Semiurban,Y,LP001507,Male,Yes,0,0,Graduate,No,2698,122.0,1.0,360.0,Semiurban
LP001508,Male,Yes,2,Graduate,No,11757,0.0,187.0,180.0,1.0,Urban,Y,LP001508,Male,Yes,2,2,Graduate,No,11757,187.0,1.0,180.0,Urban
LP001514,Female,Yes,0,Graduate,No,2330,4486.0,100.0,360.0,1.0,Semiurban,Y,LP001514,Female,Yes,0,0,Graduate,No,2330,100.0,1.0,360.0,Semiurban
LP001516,Female,Yes,2,Graduate,No,14866,0.0,70.0,360.0,1.0,Urban,Y,LP001516,Female,Yes,2,2,Graduate,No,14866,70.0,1.0,360.0,Urban
LP001518,Male,Yes,1,Graduate,No,1538,1425.0,30.0,360.0,1.0,Urban,Y,LP001518,Male,Yes,1,1,Graduate,No,1538,30.0,1.0,360.0,Urban
LP001519,Female,No,0,Graduate,No,10000,1666.0,225.0,360.0,1.0,Rural,N,LP001519,Female,No,0,0,Graduate,No,10000,225.0,1.0,360.0,Rural
LP001520,Male,Yes,0,Graduate,No,4860,830.0,125.0,360.0,1.0,Semiurban,Y,LP001520,Male,Yes,0,0,Graduate,No,4860,125.0,1.0,360.0,Semiurban
LP001528,Male,No,0,Graduate,No,6277,0.0,118.0,360.0,0.0,Rural,N,LP001528,Male,No,0,0,Graduate,No,6277,118.0,0.0,360.0,Rural
LP001529,Male,Yes,0,Graduate,Yes,2577,3750.0,152.0,360.0,1.0,Rural,Y,LP001529,Male,Yes,0,0,Graduate,Yes,2577,152.0,1.0,360.0,Rural
LP001531,Male,No,0,Graduate,No,9166,0.0,244.0,360.0,1.0,Urban,N,LP001531,Male,No,0,0,Graduate,No,9166,244.0,1.0,360.0,Urban
LP001532,Male,Yes,2,Not Graduate,No,2281,0.0,113.0,360.0,1.0,Rural,N,LP001532,Male,Yes,2,2,Not Graduate,No,2281,113.0,1.0,360.0,Rural
LP001535,Male,No,0,Graduate,No,3254,0.0,50.0,360.0,1.0,Urban,Y,LP001535,Male,No,0,0,Graduate,No,3254,50.0,1.0,360.0,Urban
LP001536,Male,Yes,3+,Graduate,No,39999,0.0,600.0,180.0,0.0,Semiurban,Y,LP001536,Male,Yes,3+,3,Graduate,No,39999,600.0,0.0,180.0,Semiurban
LP001541,Male,Yes,1,Graduate,No,6000,0.0,160.0,360.0,,Rural,Y,LP001541,Male,Yes,1,1,Graduate,No,6000,160.0,1.0,360.0,Rural
LP001543,Male,Yes,1,Graduate,No,9538,0.0,187.0,360.0,1.0,Urban,Y,LP001543,Male,Yes,1,1,Graduate,No,9538,187.0,1.0,360.0,Urban
LP001546,Male,No,0,Graduate,,2980,2083.0,120.0,360.0,1.0,Rural,Y,LP001546,Male,No,0,0,Graduate,No,2980,120.0,1.0,360.0,Rural
LP001552,Male,Yes,0,Graduate,No,4583,5625.0,255.0,360.0,1.0,Semiurban,Y,LP001552,Male,Yes,0,0,Graduate,No,4583,255.0,1.0,360.0,Semiurban
LP001560,Male,Yes,0,Not Graduate,No,1863,1041.0,98.0,360.0,1.0,Semiurban,Y,LP001560,Male,Yes,0,0,Not Graduate,No,1863,98.0,1.0,360.0,Semiurban
LP001562,Male,Yes,0,Graduate,No,7933,0.0,275.0,360.0,1.0,Urban,N,LP001562,Male,Yes,0,0,Graduate,No,7933,275.0,1.0,360.0,Urban
LP001565,Male,Yes,1,Graduate,No,3089,1280.0,121.0,360.0,0.0,Semiurban,N,LP001565,Male,Yes,1,1,Graduate,No,3089,121.0,0.0,360.0,Semiurban
LP001570,Male,Yes,2,Graduate,No,4167,1447.0,158.0,360.0,1.0,Rural,Y,LP001570,Male,Yes,2,2,Graduate,No,4167,158.0,1.0,360.0,Rural
LP001572,Male,Yes,0,Graduate,No,9323,0.0,75.0,180.0,1.0,Urban,Y,LP001572,Male,Yes,0,0,Graduate,No,9323,75.0,1.0,180.0,Urban
LP001574,Male,Yes,0,Graduate,No,3707,3166.0,182.0,,1.0,Rural,Y,LP001574,Male,Yes,0,0,Graduate,No,3707,182.0,1.0,360.0,Rural
LP001577,Female,Yes,0,Graduate,No,4583,0.0,112.0,360.0,1.0,Rural,N,LP001577,Female,Yes,0,0,Graduate,No,4583,112.0,1.0,360.0,Rural
LP001578,Male,Yes,0,Graduate,No,2439,3333.0,129.0,360.0,1.0,Rural,Y,LP001578,Male,Yes,0,0,Graduate,No,2439,129.0,1.0,360.0,Rural
LP001579,Male,No,0,Graduate,No,2237,0.0,63.0,480.0,0.0,Semiurban,N,LP001579,Male,No,0,0,Graduate,No,2237,63.0,0.0,480.0,Semiurban
LP001580,Male,Yes,2,Graduate,No,8000,0.0,200.0,360.0,1.0,Semiurban,Y,LP001580,Male,Yes,2,2,Graduate,No,8000,200.0,1.0,360.0,Semiurban
LP001581,Male,Yes,0,Not Graduate,,1820,1769.0,95.0,360.0,1.0,Rural,Y,LP001581,Male,Yes,0,0,Not Graduate,No,1820,95.0,1.0,360.0,Rural
LP001585,,Yes,3+,Graduate,No,51763,0.0,700.0,300.0,1.0,Urban,Y,LP001585,Male,Yes,3+,3,Graduate,No,51763,700.0,1.0,300.0,Urban
LP001586,Male,Yes,3+,Not Graduate,No,3522,0.0,81.0,180.0,1.0,Rural,N,LP001586,Male,Yes,3+,3,Not Graduate,No,3522,81.0,1.0,180.0,Rural
LP001594,Male,Yes,0,Graduate,No,5708,5625.0,187.0,360.0,1.0,Semiurban,Y,LP001594,Male,Yes,0,0,Graduate,No,5708,187.0,1.0,360.0,Semiurban
LP001603,Male,Yes,0,Not Graduate,Yes,4344,736.0,87.0,360.0,1.0,Semiurban,N,LP001603,Male,Yes,0,0,Not Graduate,Yes,4344,87.0,1.0,360.0,Semiurban
LP001606,Male,Yes,0,Graduate,No,3497,1964.0,116.0,360.0,1.0,Rural,Y,LP001606,Male,Yes,0,0,Graduate,No,3497,116.0,1.0,360.0,Rural
LP001608,Male,Yes,2,Graduate,No,2045,1619.0,101.0,360.0,1.0,Rural,Y,LP001608,Male,Yes,2,2,Graduate,No,2045,101.0,1.0,360.0,Rural
LP001610,Male,Yes,3+,Graduate,No,5516,11300.0,495.0,360.0,0.0,Semiurban,N,LP001610,Male,Yes,3+,3,Graduate,No,5516,495.0,0.0,360.0,Semiurban
LP001616,Male,Yes,1,Graduate,No,3750,0.0,116.0,360.0,1.0,Semiurban,Y,LP001616,Male,Yes,1,1,Graduate,No,3750,116.0,1.0,360.0,Semiurban
LP001630,Male,No,0,Not Graduate,No,2333,1451.0,102.0,480.0,0.0,Urban,N,LP001630,Male,No,0,0,Not Graduate,No,2333,102.0,0.0,480.0,Urban
LP001633,Male,Yes,1,Graduate,No,6400,7250.0,180.0,360.0,0.0,Urban,N,LP001633,Male,Yes,1,1,Graduate,No,6400,180.0,0.0,360.0,Urban
LP001634,Male,No,0,Graduate,No,1916,5063.0,67.0,360.0,,Rural,N,LP001634,Male,No,0,0,Graduate,No,1916,67.0,1.0,360.0,Rural
LP001636,Male,Yes,0,Graduate,No,4600,0.0,73.0,180.0,1.0,Semiurban,Y,LP001636,Male,Yes,0,0,Graduate,No,4600,73.0,1.0,180.0,Semiurban
LP001637,Male,Yes,1,Graduate,No,33846,0.0,260.0,360.0,1.0,Semiurban,N,LP001637,Male,Yes,1,1,Graduate,No,33846,260.0,1.0,360.0,Semiurban
LP001639,Female,Yes,0,Graduate,No,3625,0.0,108.0,360.0,1.0,Semiurban,Y,LP001639,Female,Yes,0,0,Graduate,No,3625,108.0,1.0,360.0,Semiurban
LP001640,Male,Yes,0,Graduate,Yes,39147,4750.0,120.0,360.0,1.0,Semiurban,Y,LP001640,Male,Yes,0,0,Graduate,Yes,39147,120.0,1.0,360.0,Semiurban
LP001641,Male,Yes,1,Graduate,Yes,2178,0.0,66.0,300.0,0.0,Rural,N,LP001641,Male,Yes,1,1,Graduate,Yes,2178,66.0,0.0,300.0,Rural
LP001643,Male,Yes,0,Graduate,No,2383,2138.0,58.0,360.0,,Rural,Y,LP001643,Male,Yes,0,0,Graduate,No,2383,58.0,1.0,360.0,Rural
LP001644,,Yes,0,Graduate,Yes,674,5296.0,168.0,360.0,1.0,Rural,Y,LP001644,Male,Yes,0,0,Graduate,Yes,674,168.0,1.0,360.0,Rural
LP001647,Male,Yes,0,Graduate,No,9328,0.0,188.0,180.0,1.0,Rural,Y,LP001647,Male,Yes,0,0,Graduate,No,9328,188.0,1.0,180.0,Rural
LP001653,Male,No,0,Not Graduate,No,4885,0.0,48.0,360.0,1.0,Rural,Y,LP001653,Male,No,0,0,Not Graduate,No,4885,48.0,1.0,360.0,Rural
LP001656,Male,No,0,Graduate,No,12000,0.0,164.0,360.0,1.0,Semiurban,N,LP001656,Male,No,0,0,Graduate,No,12000,164.0,1.0,360.0,Semiurban
LP001657,Male,Yes,0,Not Graduate,No,6033,0.0,160.0,360.0,1.0,Urban,N,LP001657,Male,Yes,0,0,Not Graduate,No,6033,160.0,1.0,360.0,Urban
LP001658,Male,No,0,Graduate,No,3858,0.0,76.0,360.0,1.0,Semiurban,Y,LP001658,Male,No,0,0,Graduate,No,3858,76.0,1.0,360.0,Semiurban
LP001664,Male,No,0,Graduate,No,4191,0.0,120.0,360.0,1.0,Rural,Y,LP001664,Male,No,0,0,Graduate,No,4191,120.0,1.0,360.0,Rural
LP001665,Male,Yes,1,Graduate,No,3125,2583.0,170.0,360.0,1.0,Semiurban,N,LP001665,Male,Yes,1,1,Graduate,No,3125,170.0,1.0,360.0,Semiurban
LP001666,Male,No,0,Graduate,No,8333,3750.0,187.0,360.0,1.0,Rural,Y,LP001666,Male,No,0,0,Graduate,No,8333,187.0,1.0,360.0,Rural
LP001669,Female,No,0,Not Graduate,No,1907,2365.0,120.0,,1.0,Urban,Y,LP001669,Female,No,0,0,Not Graduate,No,1907,120.0,1.0,360.0,Urban
LP001671,Female,Yes,0,Graduate,No,3416,2816.0,113.0,360.0,,Semiurban,Y,LP001671,Female,Yes,0,0,Graduate,No,3416,113.0,1.0,360.0,Semiurban
LP001673,Male,No,0,Graduate,Yes,11000,0.0,83.0,360.0,1.0,Urban,N,LP001673,Male,No,0,0,Graduate,Yes,11000,83.0,1.0,360.0,Urban
LP001674,Male,Yes,1,Not Graduate,No,2600,2500.0,90.0,360.0,1.0,Semiurban,Y,LP001674,Male,Yes,1,1,Not Graduate,No,2600,90.0,1.0,360.0,Semiurban
LP001677,Male,No,2,Graduate,No,4923,0.0,166.0,360.0,0.0,Semiurban,Y,LP001677,Male,No,2,2,Graduate,No,4923,166.0,0.0,360.0,Semiurban
LP001682,Male,Yes,3+,Not Graduate,No,3992,0.0,,180.0,1.0,Urban,N,LP001682,Male,Yes,3+,3,Not Graduate,No,3992,128.0,1.0,180.0,Urban
LP001688,Male,Yes,1,Not Graduate,No,3500,1083.0,135.0,360.0,1.0,Urban,Y,LP001688,Male,Yes,1,1,Not Graduate,No,3500,135.0,1.0,360.0,Urban
LP001691,Male,Yes,2,Not Graduate,No,3917,0.0,124.0,360.0,1.0,Semiurban,Y,LP001691,Male,Yes,2,2,Not Graduate,No,3917,124.0,1.0,360.0,Semiurban
LP001692,Female,No,0,Not Graduate,No,4408,0.0,120.0,360.0,1.0,Semiurban,Y,LP001692,Female,No,0,0,Not Graduate,No,4408,120.0,1.0,360.0,Semiurban
LP001693,Female,No,0,Graduate,No,3244,0.0,80.0,360.0,1.0,Urban,Y,LP001693,Female,No,0,0,Graduate,No,3244,80.0,1.0,360.0,Urban
LP001698,Male,No,0,Not Graduate,No,3975,2531.0,55.0,360.0,1.0,Rural,Y,LP001698,Male,No,0,0,Not Graduate,No,3975,55.0,1.0,360.0,Rural
LP001699,Male,No,0,Graduate,No,2479,0.0,59.0,360.0,1.0,Urban,Y,LP001699,Male,No,0,0,Graduate,No,2479,59.0,1.0,360.0,Urban
LP001702,Male,No,0,Graduate,No,3418,0.0,127.0,360.0,1.0,Semiurban,N,LP001702,Male,No,0,0,Graduate,No,3418,127.0,1.0,360.0,Semiurban
LP001708,Female,No,0,Graduate,No,10000,0.0,214.0,360.0,1.0,Semiurban,N,LP001708,Female,No,0,0,Graduate,No,10000,214.0,1.0,360.0,Semiurban
LP001711,Male,Yes,3+,Graduate,No,3430,1250.0,128.0,360.0,0.0,Semiurban,N,LP001711,Male,Yes,3+,3,Graduate,No,3430,128.0,0.0,360.0,Semiurban
LP001713,Male,Yes,1,Graduate,Yes,7787,0.0,240.0,360.0,1.0,Urban,Y,LP001713,Male,Yes,1,1,Graduate,Yes,7787,240.0,1.0,360.0,Urban
LP001715,Male,Yes,3+,Not Graduate,Yes,5703,0.0,130.0,360.0,1.0,Rural,Y,LP001715,Male,Yes,3+,3,Not Graduate,Yes,5703,130.0,1.0,360.0,Rural
LP001716,Male,Yes,0,Graduate,No,3173,3021.0,137.0,360.0,1.0,Urban,Y,LP001716,Male,Yes,0,0,Graduate,No,3173,137.0,1.0,360.0,Urban
LP001720,Male,Yes,3+,Not Graduate,No,3850,983.0,100.0,360.0,1.0,Semiurban,Y,LP001720,Male,Yes,3+,3,Not Graduate,No,3850,100.0,1.0,360.0,Semiurban
LP001722,Male,Yes,0,Graduate,No,150,1800.0,135.0,360.0,1.0,Rural,N,LP001722,Male,Yes,0,0,Graduate,No,150,135.0,1.0,360.0,Rural
LP001726,Male,Yes,0,Graduate,No,3727,1775.0,131.0,360.0,1.0,Semiurban,Y,LP001726,Male,Yes,0,0,Graduate,No,3727,131.0,1.0,360.0,Semiurban
LP001732,Male,Yes,2,Graduate,,5000,0.0,72.0,360.0,0.0,Semiurban,N,LP001732,Male,Yes,2,2,Graduate,No,5000,72.0,0.0,360.0,Semiurban
LP001734,Female,Yes,2,Graduate,No,4283,2383.0,127.0,360.0,,Semiurban,Y,LP001734,Female,Yes,2,2,Graduate,No,4283,127.0,1.0,360.0,Semiurban
LP001736,Male,Yes,0,Graduate,No,2221,0.0,60.0,360.0,0.0,Urban,N,LP001736,Male,Yes,0,0,Graduate,No,2221,60.0,0.0,360.0,Urban
LP001743,Male,Yes,2,Graduate,No,4009,1717.0,116.0,360.0,1.0,Semiurban,Y,LP001743,Male,Yes,2,2,Graduate,No,4009,116.0,1.0,360.0,Semiurban
LP001744,Male,No,0,Graduate,No,2971,2791.0,144.0,360.0,1.0,Semiurban,Y,LP001744,Male,No,0,0,Graduate,No,2971,144.0,1.0,360.0,Semiurban
LP001749,Male,Yes,0,Graduate,No,7578,1010.0,175.0,,1.0,Semiurban,Y,LP001749,Male,Yes,0,0,Graduate,No,7578,175.0,1.0,360.0,Semiurban
LP001750,Male,Yes,0,Graduate,No,6250,0.0,128.0,360.0,1.0,Semiurban,Y,LP001750,Male,Yes,0,0,Graduate,No,6250,128.0,1.0,360.0,Semiurban
LP001751,Male,Yes,0,Graduate,No,3250,0.0,170.0,360.0,1.0,Rural,N,LP001751,Male,Yes,0,0,Graduate,No,3250,170.0,1.0,360.0,Rural
LP001754,Male,Yes,,Not Graduate,Yes,4735,0.0,138.0,360.0,1.0,Urban,N,LP001754,Male,Yes,0,0,Not Graduate,Yes,4735,138.0,1.0,360.0,Urban
LP001758,Male,Yes,2,Graduate,No,6250,1695.0,210.0,360.0,1.0,Semiurban,Y,LP001758,Male,Yes,2,2,Graduate,No,6250,210.0,1.0,360.0,Semiurban
LP001760,Male,,,Graduate,No,4758,0.0,158.0,480.0,1.0,Semiurban,Y,LP001760,Male,Yes,0,0,Graduate,No,4758,158.0,1.0,480.0,Semiurban
LP001761,Male,No,0,Graduate,Yes,6400,0.0,200.0,360.0,1.0,Rural,Y,LP001761,Male,No,0,0,Graduate,Yes,6400,200.0,1.0,360.0,Rural
LP001765,Male,Yes,1,Graduate,No,2491,2054.0,104.0,360.0,1.0,Semiurban,Y,LP001765,Male,Yes,1,1,Graduate,No,2491,104.0,1.0,360.0,Semiurban
LP001768,Male,Yes,0,Graduate,,3716,0.0,42.0,180.0,1.0,Rural,Y,LP001768,Male,Yes,0,0,Graduate,No,3716,42.0,1.0,180.0,Rural
LP001770,Male,No,0,Not Graduate,No,3189,2598.0,120.0,,1.0,Rural,Y,LP001770,Male,No,0,0,Not Graduate,No,3189,120.0,1.0,360.0,Rural
LP001776,Female,No,0,Graduate,No,8333,0.0,280.0,360.0,1.0,Semiurban,Y,LP001776,Female,No,0,0,Graduate,No,8333,280.0,1.0,360.0,Semiurban
LP001778,Male,Yes,1,Graduate,No,3155,1779.0,140.0,360.0,1.0,Semiurban,Y,LP001778,Male,Yes,1,1,Graduate,No,3155,140.0,1.0,360.0,Semiurban
LP001784,Male,Yes,1,Graduate,No,5500,1260.0,170.0,360.0,1.0,Rural,Y,LP001784,Male,Yes,1,1,Graduate,No,5500,170.0,1.0,360.0,Rural
LP001786,Male,Yes,0,Graduate,,5746,0.0,255.0,360.0,,Urban,N,LP001786,Male,Yes,0,0,Graduate,No,5746,255.0,1.0,360.0,Urban
LP001788,Female,No,0,Graduate,Yes,3463,0.0,122.0,360.0,,Urban,Y,LP001788,Female,No,0,0,Graduate,Yes,3463,122.0,1.0,360.0,Urban
LP001790,Female,No,1,Graduate,No,3812,0.0,112.0,360.0,1.0,Rural,Y,LP001790,Female,No,1,1,Graduate,No,3812,112.0,1.0,360.0,Rural
LP001792,Male,Yes,1,Graduate,No,3315,0.0,96.0,360.0,1.0,Semiurban,Y,LP001792,Male,Yes,1,1,Graduate,No,3315,96.0,1.0,360.0,Semiurban
LP001798,Male,Yes,2,Graduate,No,5819,5000.0,120.0,360.0,1.0,Rural,Y,LP001798,Male,Yes,2,2,Graduate,No,5819,120.0,1.0,360.0,Rural
LP001800,Male,Yes,1,Not Graduate,No,2510,1983.0,140.0,180.0,1.0,Urban,N,LP001800,Male,Yes,1,1,Not Graduate,No,2510,140.0,1.0,180.0,Urban
LP001806,Male,No,0,Graduate,No,2965,5701.0,155.0,60.0,1.0,Urban,Y,LP001806,Male,No,0,0,Graduate,No,2965,155.0,1.0,60.0,Urban
LP001807,Male,Yes,2,Graduate,Yes,6250,1300.0,108.0,360.0,1.0,Rural,Y,LP001807,Male,Yes,2,2,Graduate,Yes,6250,108.0,1.0,360.0,Rural
LP001811,Male,Yes,0,Not Graduate,No,3406,4417.0,123.0,360.0,1.0,Semiurban,Y,LP001811,Male,Yes,0,0,Not Graduate,No,3406,123.0,1.0,360.0,Semiurban
LP001813,Male,No,0,Graduate,Yes,6050,4333.0,120.0,180.0,1.0,Urban,N,LP001813,Male,No,0,0,Graduate,Yes,6050,120.0,1.0,180.0,Urban
LP001814,Male,Yes,2,Graduate,No,9703,0.0,112.0,360.0,1.0,Urban,Y,LP001814,Male,Yes,2,2,Graduate,No,9703,112.0,1.0,360.0,Urban
LP001819,Male,Yes,1,Not Graduate,No,6608,0.0,137.0,180.0,1.0,Urban,Y,LP001819,Male,Yes,1,1,Not Graduate,No,6608,137.0,1.0,180.0,Urban
LP001824,Male,Yes,1,Graduate,No,2882,1843.0,123.0,480.0,1.0,Semiurban,Y,LP001824,Male,Yes,1,1,Graduate,No,2882,123.0,1.0,480.0,Semiurban
LP001825,Male,Yes,0,Graduate,No,1809,1868.0,90.0,360.0,1.0,Urban,Y,LP001825,Male,Yes,0,0,Graduate,No,1809,90.0,1.0,360.0,Urban
LP001835,Male,Yes,0,Not Graduate,No,1668,3890.0,201.0,360.0,0.0,Semiurban,N,LP001835,Male,Yes,0,0,Not Graduate,No,1668,201.0,0.0,360.0,Semiurban
LP001836,Female,No,2,Graduate,No,3427,0.0,138.0,360.0,1.0,Urban,N,LP001836,Female,No,2,2,Graduate,No,3427,138.0,1.0,360.0,Urban
LP001841,Male,No,0,Not Graduate,Yes,2583,2167.0,104.0,360.0,1.0,Rural,Y,LP001841,Male,No,0,0,Not Graduate,Yes,2583,104.0,1.0,360.0,Rural
LP001843,Male,Yes,1,Not Graduate,No,2661,7101.0,279.0,180.0,1.0,Semiurban,Y,LP001843,Male,Yes,1,1,Not Graduate,No,2661,279.0,1.0,180.0,Semiurban
LP001844,Male,No,0,Graduate,Yes,16250,0.0,192.0,360.0,0.0,Urban,N,LP001844,Male,No,0,0,Graduate,Yes,16250,192.0,0.0,360.0,Urban
LP001846,Female,No,3+,Graduate,No,3083,0.0,255.0,360.0,1.0,Rural,Y,LP001846,Female,No,3+,3,Graduate,No,3083,255.0,1.0,360.0,Rural
LP001849,Male,No,0,Not Graduate,No,6045,0.0,115.0,360.0,0.0,Rural,N,LP001849,Male,No,0,0,Not Graduate,No,6045,115.0,0.0,360.0,Rural
LP001854,Male,Yes,3+,Graduate,No,5250,0.0,94.0,360.0,1.0,Urban,N,LP001854,Male,Yes,3+,3,Graduate,No,5250,94.0,1.0,360.0,Urban
LP001859,Male,Yes,0,Graduate,No,14683,2100.0,304.0,360.0,1.0,Rural,N,LP001859,Male,Yes,0,0,Graduate,No,14683,304.0,1.0,360.0,Rural
LP001864,Male,Yes,3+,Not Graduate,No,4931,0.0,128.0,360.0,,Semiurban,N,LP001864,Male,Yes,3+,3,Not Graduate,No,4931,128.0,1.0,360.0,Semiurban
LP001865,Male,Yes,1,Graduate,No,6083,4250.0,330.0,360.0,,Urban,Y,LP001865,Male,Yes,1,1,Graduate,No,6083,330.0,1.0,360.0,Urban
LP001868,Male,No,0,Graduate,No,2060,2209.0,134.0,360.0,1.0,Semiurban,Y,LP001868,Male,No,0,0,Graduate,No,2060,134.0,1.0,360.0,Semiurban
LP001870,Female,No,1,Graduate,No,3481,0.0,155.0,36.0,1.0,Semiurban,N,LP001870,Female,No,1,1,Graduate,No,3481,155.0,1.0,36.0,Semiurban
LP001871,Female,No,0,Graduate,No,7200,0.0,120.0,360.0,1.0,Rural,Y,LP001871,Female,No,0,0,Graduate,No,7200,120.0,1.0,360.0,Rural
LP001872,Male,No,0,Graduate,Yes,5166,0.0,128.0,360.0,1.0,Semiurban,Y,LP001872,Male,No,0,0,Graduate,Yes,5166,128.0,1.0,360.0,Semiurban
LP001875,Male,No,0,Graduate,No,4095,3447.0,151.0,360.0,1.0,Rural,Y,LP001875,Male,No,0,0,Graduate,No,4095,151.0,1.0,360.0,Rural
LP001877,Male,Yes,2,Graduate,No,4708,1387.0,150.0,360.0,1.0,Semiurban,Y,LP001877,Male,Yes,2,2,Graduate,No,4708,150.0,1.0,360.0,Semiurban
LP001882,Male,Yes,3+,Graduate,No,4333,1811.0,160.0,360.0,0.0,Urban,Y,LP001882,Male,Yes,3+,3,Graduate,No,4333,160.0,0.0,360.0,Urban
LP001883,Female,No,0,Graduate,,3418,0.0,135.0,360.0,1.0,Rural,N,LP001883,Female,No,0,0,Graduate,No,3418,135.0,1.0,360.0,Rural
LP001884,Female,No,1,Graduate,No,2876,1560.0,90.0,360.0,1.0,Urban,Y,LP001884,Female,No,1,1,Graduate,No,2876,90.0,1.0,360.0,Urban
LP001888,Female,No,0,Graduate,No,3237,0.0,30.0,360.0,1.0,Urban,Y,LP001888,Female,No,0,0,Graduate,No,3237,30.0,1.0,360.0,Urban
LP001891,Male,Yes,0,Graduate,No,11146,0.0,136.0,360.0,1.0,Urban,Y,LP001891,Male,Yes,0,0,Graduate,No,11146,136.0,1.0,360.0,Urban
LP001892,Male,No,0,Graduate,No,2833,1857.0,126.0,360.0,1.0,Rural,Y,LP001892,Male,No,0,0,Graduate,No,2833,126.0,1.0,360.0,Rural
LP001894,Male,Yes,0,Graduate,No,2620,2223.0,150.0,360.0,1.0,Semiurban,Y,LP001894,Male,Yes,0,0,Graduate,No,2620,150.0,1.0,360.0,Semiurban
LP001896,Male,Yes,2,Graduate,No,3900,0.0,90.0,360.0,1.0,Semiurban,Y,LP001896,Male,Yes,2,2,Graduate,No,3900,90.0,1.0,360.0,Semiurban
LP001900,Male,Yes,1,Graduate,No,2750,1842.0,115.0,360.0,1.0,Semiurban,Y,LP001900,Male,Yes,1,1,Graduate,No,2750,115.0,1.0,360.0,Semiurban
LP001903,Male,Yes,0,Graduate,No,3993,3274.0,207.0,360.0,1.0,Semiurban,Y,LP001903,Male,Yes,0,0,Graduate,No,3993,207.0,1.0,360.0,Semiurban
LP001904,Male,Yes,0,Graduate,No,3103,1300.0,80.0,360.0,1.0,Urban,Y,LP001904,Male,Yes,0,0,Graduate,No,3103,80.0,1.0,360.0,Urban
LP001907,Male,Yes,0,Graduate,No,14583,0.0,436.0,360.0,1.0,Semiurban,Y,LP001907,Male,Yes,0,0,Graduate,No,14583,436.0,1.0,360.0,Semiurban
LP001908,Female,Yes,0,Not Graduate,No,4100,0.0,124.0,360.0,,Rural,Y,LP001908,Female,Yes,0,0,Not Graduate,No,4100,124.0,1.0,360.0,Rural
LP001910,Male,No,1,Not Graduate,Yes,4053,2426.0,158.0,360.0,0.0,Urban,N,LP001910,Male,No,1,1,Not Graduate,Yes,4053,158.0,0.0,360.0,Urban
LP001914,Male,Yes,0,Graduate,No,3927,800.0,112.0,360.0,1.0,Semiurban,Y,LP001914,Male,Yes,0,0,Graduate,No,3927,112.0,1.0,360.0,Semiurban
LP001915,Male,Yes,2,Graduate,No,2301,985.7999878,78.0,180.0,1.0,Urban,Y,LP001915,Male,Yes,2,2,Graduate,No,2301,78.0,1.0,180.0,Urban
LP001917,Female,No,0,Graduate,No,1811,1666.0,54.0,360.0,1.0,Urban,Y,LP001917,Female,No,0,0,Graduate,No,1811,54.0,1.0,360.0,Urban
LP001922,Male,Yes,0,Graduate,No,20667,0.0,,360.0,1.0,Rural,N,LP001922,Male,Yes,0,0,Graduate,No,20667,128.0,1.0,360.0,Rural
LP001924,Male,No,0,Graduate,No,3158,3053.0,89.0,360.0,1.0,Rural,Y,LP001924,Male,No,0,0,Graduate,No,3158,89.0,1.0,360.0,Rural
LP001925,Female,No,0,Graduate,Yes,2600,1717.0,99.0,300.0,1.0,Semiurban,N,LP001925,Female,No,0,0,Graduate,Yes,2600,99.0,1.0,300.0,Semiurban
LP001926,Male,Yes,0,Graduate,No,3704,2000.0,120.0,360.0,1.0,Rural,Y,LP001926,Male,Yes,0,0,Graduate,No,3704,120.0,1.0,360.0,Rural
LP001931,Female,No,0,Graduate,No,4124,0.0,115.0,360.0,1.0,Semiurban,Y,LP001931,Female,No,0,0,Graduate,No,4124,115.0,1.0,360.0,Semiurban
LP001935,Male,No,0,Graduate,No,9508,0.0,187.0,360.0,1.0,Rural,Y,LP001935,Male,No,0,0,Graduate,No,9508,187.0,1.0,360.0,Rural
LP001936,Male,Yes,0,Graduate,No,3075,2416.0,139.0,360.0,1.0,Rural,Y,LP001936,Male,Yes,0,0,Graduate,No,3075,139.0,1.0,360.0,Rural
LP001938,Male,Yes,2,Graduate,No,4400,0.0,127.0,360.0,0.0,Semiurban,N,LP001938,Male,Yes,2,2,Graduate,No,4400,127.0,0.0,360.0,Semiurban
LP001940,Male,Yes,2,Graduate,No,3153,1560.0,134.0,360.0,1.0,Urban,Y,LP001940,Male,Yes,2,2,Graduate,No,3153,134.0,1.0,360.0,Urban
LP001945,Female,No,,Graduate,No,5417,0.0,143.0,480.0,0.0,Urban,N,LP001945,Female,No,0,0,Graduate,No,5417,143.0,0.0,480.0,Urban
LP001947,Male,Yes,0,Graduate,No,2383,3334.0,172.0,360.0,1.0,Semiurban,Y,LP001947,Male,Yes,0,0,Graduate,No,2383,172.0,1.0,360.0,Semiurban
LP001949,Male,Yes,3+,Graduate,,4416,1250.0,110.0,360.0,1.0,Urban,Y,LP001949,Male,Yes,3+,3,Graduate,No,4416,110.0,1.0,360.0,Urban
LP001953,Male,Yes,1,Graduate,No,6875,0.0,200.0,360.0,1.0,Semiurban,Y,LP001953,Male,Yes,1,1,Graduate,No,6875,200.0,1.0,360.0,Semiurban
LP001954,Female,Yes,1,Graduate,No,4666,0.0,135.0,360.0,1.0,Urban,Y,LP001954,Female,Yes,1,1,Graduate,No,4666,135.0,1.0,360.0,Urban
LP001955,Female,No,0,Graduate,No,5000,2541.0,151.0,480.0,1.0,Rural,N,LP001955,Female,No,0,0,Graduate,No,5000,151.0,1.0,480.0,Rural
LP001963,Male,Yes,1,Graduate,No,2014,2925.0,113.0,360.0,1.0,Urban,N,LP001963,Male,Yes,1,1,Graduate,No,2014,113.0,1.0,360.0,Urban
LP001964,Male,Yes,0,Not Graduate,No,1800,2934.0,93.0,360.0,0.0,Urban,N,LP001964,Male,Yes,0,0,Not Graduate,No,1800,93.0,0.0,360.0,Urban
LP001972,Male,Yes,,Not Graduate,No,2875,1750.0,105.0,360.0,1.0,Semiurban,Y,LP001972,Male,Yes,0,0,Not Graduate,No,2875,105.0,1.0,360.0,Semiurban
LP001974,Female,No,0,Graduate,No,5000,0.0,132.0,360.0,1.0,Rural,Y,LP001974,Female,No,0,0,Graduate,No,5000,132.0,1.0,360.0,Rural
LP001977,Male,Yes,1,Graduate,No,1625,1803.0,96.0,360.0,1.0,Urban,Y,LP001977,Male,Yes,1,1,Graduate,No,1625,96.0,1.0,360.0,Urban
LP001978,Male,No,0,Graduate,No,4000,2500.0,140.0,360.0,1.0,Rural,Y,LP001978,Male,No,0,0,Graduate,No,4000,140.0,1.0,360.0,Rural
LP001990,Male,No,0,Not Graduate,No,2000,0.0,,360.0,1.0,Urban,N,LP001990,Male,No,0,0,Not Graduate,No,2000,128.0,1.0,360.0,Urban
LP001993,Female,No,0,Graduate,No,3762,1666.0,135.0,360.0,1.0,Rural,Y,LP001993,Female,No,0,0,Graduate,No,3762,135.0,1.0,360.0,Rural
LP001994,Female,No,0,Graduate,No,2400,1863.0,104.0,360.0,0.0,Urban,N,LP001994,Female,No,0,0,Graduate,No,2400,104.0,0.0,360.0,Urban
LP001996,Male,No,0,Graduate,No,20233,0.0,480.0,360.0,1.0,Rural,N,LP001996,Male,No,0,0,Graduate,No,20233,480.0,1.0,360.0,Rural
LP001998,Male,Yes,2,Not Graduate,No,7667,0.0,185.0,360.0,,Rural,Y,LP001998,Male,Yes,2,2,Not Graduate,No,7667,185.0,1.0,360.0,Rural
LP002002,Female,No,0,Graduate,No,2917,0.0,84.0,360.0,1.0,Semiurban,Y,LP002002,Female,No,0,0,Graduate,No,2917,84.0,1.0,360.0,Semiurban
LP002004,Male,No,0,Not Graduate,No,2927,2405.0,111.0,360.0,1.0,Semiurban,Y,LP002004,Male,No,0,0,Not Graduate,No,2927,111.0,1.0,360.0,Semiurban
LP002006,Female,No,0,Graduate,No,2507,0.0,56.0,360.0,1.0,Rural,Y,LP002006,Female,No,0,0,Graduate,No,2507,56.0,1.0,360.0,Rural
LP002008,Male,Yes,2,Graduate,Yes,5746,0.0,144.0,84.0,,Rural,Y,LP002008,Male,Yes,2,2,Graduate,Yes,5746,144.0,1.0,84.0,Rural
LP002024,,Yes,0,Graduate,No,2473,1843.0,159.0,360.0,1.0,Rural,N,LP002024,Male,Yes,0,0,Graduate,No,2473,159.0,1.0,360.0,Rural
LP002031,Male,Yes,1,Not Graduate,No,3399,1640.0,111.0,180.0,1.0,Urban,Y,LP002031,Male,Yes,1,1,Not Graduate,No,3399,111.0,1.0,180.0,Urban
LP002035,Male,Yes,2,Graduate,No,3717,0.0,120.0,360.0,1.0,Semiurban,Y,LP002035,Male,Yes,2,2,Graduate,No,3717,120.0,1.0,360.0,Semiurban
LP002036,Male,Yes,0,Graduate,No,2058,2134.0,88.0,360.0,,Urban,Y,LP002036,Male,Yes,0,0,Graduate,No,2058,88.0,1.0,360.0,Urban
LP002043,Female,No,1,Graduate,No,3541,0.0,112.0,360.0,,Semiurban,Y,LP002043,Female,No,1,1,Graduate,No,3541,112.0,1.0,360.0,Semiurban
LP002050,Male,Yes,1,Graduate,Yes,10000,0.0,155.0,360.0,1.0,Rural,N,LP002050,Male,Yes,1,1,Graduate,Yes,10000,155.0,1.0,360.0,Rural
LP002051,Male,Yes,0,Graduate,No,2400,2167.0,115.0,360.0,1.0,Semiurban,Y,LP002051,Male,Yes,0,0,Graduate,No,2400,115.0,1.0,360.0,Semiurban
LP002053,Male,Yes,3+,Graduate,No,4342,189.0,124.0,360.0,1.0,Semiurban,Y,LP002053,Male,Yes,3+,3,Graduate,No,4342,124.0,1.0,360.0,Semiurban
LP002054,Male,Yes,2,Not Graduate,No,3601,1590.0,,360.0,1.0,Rural,Y,LP002054,Male,Yes,2,2,Not Graduate,No,3601,128.0,1.0,360.0,Rural
LP002055,Female,No,0,Graduate,No,3166,2985.0,132.0,360.0,,Rural,Y,LP002055,Female,No,0,0,Graduate,No,3166,132.0,1.0,360.0,Rural
LP002065,Male,Yes,3+,Graduate,No,15000,0.0,300.0,360.0,1.0,Rural,Y,LP002065,Male,Yes,3+,3,Graduate,No,15000,300.0,1.0,360.0,Rural
LP002067,Male,Yes,1,Graduate,Yes,8666,4983.0,376.0,360.0,0.0,Rural,N,LP002067,Male,Yes,1,1,Graduate,Yes,8666,376.0,0.0,360.0,Rural
LP002068,Male,No,0,Graduate,No,4917,0.0,130.0,360.0,0.0,Rural,Y,LP002068,Male,No,0,0,Graduate,No,4917,130.0,0.0,360.0,Rural
LP002082,Male,Yes,0,Graduate,Yes,5818,2160.0,184.0,360.0,1.0,Semiurban,Y,LP002082,Male,Yes,0,0,Graduate,Yes,5818,184.0,1.0,360.0,Semiurban
LP002086,Female,Yes,0,Graduate,No,4333,2451.0,110.0,360.0,1.0,Urban,N,LP002086,Female,Yes,0,0,Graduate,No,4333,110.0,1.0,360.0,Urban
LP002087,Female,No,0,Graduate,No,2500,0.0,67.0,360.0,1.0,Urban,Y,LP002087,Female,No,0,0,Graduate,No,2500,67.0,1.0,360.0,Urban
LP002097,Male,No,1,Graduate,No,4384,1793.0,117.0,360.0,1.0,Urban,Y,LP002097,Male,No,1,1,Graduate,No,4384,117.0,1.0,360.0,Urban
LP002098,Male,No,0,Graduate,No,2935,0.0,98.0,360.0,1.0,Semiurban,Y,LP002098,Male,No,0,0,Graduate,No,2935,98.0,1.0,360.0,Semiurban
LP002100,Male,No,,Graduate,No,2833,0.0,71.0,360.0,1.0,Urban,Y,LP002100,Male,No,0,0,Graduate,No,2833,71.0,1.0,360.0,Urban
LP002101,Male,Yes,0,Graduate,,63337,0.0,490.0,180.0,1.0,Urban,Y,LP002101,Male,Yes,0,0,Graduate,No,63337,490.0,1.0,180.0,Urban
LP002103,,Yes,1,Graduate,Yes,9833,1833.0,182.0,180.0,1.0,Urban,Y,LP002103,Male,Yes,1,1,Graduate,Yes,9833,182.0,1.0,180.0,Urban
LP002106,Male,Yes,,Graduate,Yes,5503,4490.0,70.0,,1.0,Semiurban,Y,LP002106,Male,Yes,0,0,Graduate,Yes,5503,70.0,1.0,360.0,Semiurban
LP002110,Male,Yes,1,Graduate,,5250,688.0,160.0,360.0,1.0,Rural,Y,LP002110,Male,Yes,1,1,Graduate,No,5250,160.0,1.0,360.0,Rural
LP002112,Male,Yes,2,Graduate,Yes,2500,4600.0,176.0,360.0,1.0,Rural,Y,LP002112,Male,Yes,2,2,Graduate,Yes,2500,176.0,1.0,360.0,Rural
LP002113,Female,No,3+,Not Graduate,No,1830,0.0,,360.0,0.0,Urban,N,LP002113,Female,No,3+,3,Not Graduate,No,1830,128.0,0.0,360.0,Urban
LP002114,Female,No,0,Graduate,No,4160,0.0,71.0,360.0,1.0,Semiurban,Y,LP002114,Female,No,0,0,Graduate,No,4160,71.0,1.0,360.0,Semiurban
LP002115,Male,Yes,3+,Not Graduate,No,2647,1587.0,173.0,360.0,1.0,Rural,N,LP002115,Male,Yes,3+,3,Not Graduate,No,2647,173.0,1.0,360.0,Rural
LP002116,Female,No,0,Graduate,No,2378,0.0,46.0,360.0,1.0,Rural,N,LP002116,Female,No,0,0,Graduate,No,2378,46.0,1.0,360.0,Rural
LP002119,Male,Yes,1,Not Graduate,No,4554,1229.0,158.0,360.0,1.0,Urban,Y,LP002119,Male,Yes,1,1,Not Graduate,No,4554,158.0,1.0,360.0,Urban
LP002126,Male,Yes,3+,Not Graduate,No,3173,0.0,74.0,360.0,1.0,Semiurban,Y,LP002126,Male,Yes,3+,3,Not Graduate,No,3173,74.0,1.0,360.0,Semiurban
LP002128,Male,Yes,2,Graduate,,2583,2330.0,125.0,360.0,1.0,Rural,Y,LP002128,Male,Yes,2,2,Graduate,No,2583,125.0,1.0,360.0,Rural
LP002129,Male,Yes,0,Graduate,No,2499,2458.0,160.0,360.0,1.0,Semiurban,Y,LP002129,Male,Yes,0,0,Graduate,No,2499,160.0,1.0,360.0,Semiurban
LP002130,Male,Yes,,Not Graduate,No,3523,3230.0,152.0,360.0,0.0,Rural,N,LP002130,Male,Yes,0,0,Not Graduate,No,3523,152.0,0.0,360.0,Rural
LP002131,Male,Yes,2,Not Graduate,No,3083,2168.0,126.0,360.0,1.0,Urban,Y,LP002131,Male,Yes,2,2,Not Graduate,No,3083,126.0,1.0,360.0,Urban
LP002137,Male,Yes,0,Graduate,No,6333,4583.0,259.0,360.0,,Semiurban,Y,LP002137,Male,Yes,0,0,Graduate,No,6333,259.0,1.0,360.0,Semiurban
LP002138,Male,Yes,0,Graduate,No,2625,6250.0,187.0,360.0,1.0,Rural,Y,LP002138,Male,Yes,0,0,Graduate,No,2625,187.0,1.0,360.0,Rural
LP002139,Male,Yes,0,Graduate,No,9083,0.0,228.0,360.0,1.0,Semiurban,Y,LP002139,Male,Yes,0,0,Graduate,No,9083,228.0,1.0,360.0,Semiurban
LP002140,Male,No,0,Graduate,No,8750,4167.0,308.0,360.0,1.0,Rural,N,LP002140,Male,No,0,0,Graduate,No,8750,308.0,1.0,360.0,Rural
LP002141,Male,Yes,3+,Graduate,No,2666,2083.0,95.0,360.0,1.0,Rural,Y,LP002141,Male,Yes,3+,3,Graduate,No,2666,95.0,1.0,360.0,Rural
LP002142,Female,Yes,0,Graduate,Yes,5500,0.0,105.0,360.0,0.0,Rural,N,LP002142,Female,Yes,0,0,Graduate,Yes,5500,105.0,0.0,360.0,Rural
LP002143,Female,Yes,0,Graduate,No,2423,505.0,130.0,360.0,1.0,Semiurban,Y,LP002143,Female,Yes,0,0,Graduate,No,2423,130.0,1.0,360.0,Semiurban
LP002144,Female,No,,Graduate,No,3813,0.0,116.0,180.0,1.0,Urban,Y,LP002144,Female,No,0,0,Graduate,No,3813,116.0,1.0,180.0,Urban
LP002149,Male,Yes,2,Graduate,No,8333,3167.0,165.0,360.0,1.0,Rural,Y,LP002149,Male,Yes,2,2,Graduate,No,8333,165.0,1.0,360.0,Rural
LP002151,Male,Yes,1,Graduate,No,3875,0.0,67.0,360.0,1.0,Urban,N,LP002151,Male,Yes,1,1,Graduate,No,3875,67.0,1.0,360.0,Urban
LP002158,Male,Yes,0,Not Graduate,No,3000,1666.0,100.0,480.0,0.0,Urban,N,LP002158,Male,Yes,0,0,Not Graduate,No,3000,100.0,0.0,480.0,Urban
LP002160,Male,Yes,3+,Graduate,No,5167,3167.0,200.0,360.0,1.0,Semiurban,Y,LP002160,Male,Yes,3+,3,Graduate,No,5167,200.0,1.0,360.0,Semiurban
LP002161,Female,No,1,Graduate,No,4723,0.0,81.0,360.0,1.0,Semiurban,N,LP002161,Female,No,1,1,Graduate,No,4723,81.0,1.0,360.0,Semiurban
LP002170,Male,Yes,2,Graduate,No,5000,3667.0,236.0,360.0,1.0,Semiurban,Y,LP002170,Male,Yes,2,2,Graduate,No,5000,236.0,1.0,360.0,Semiurban
LP002175,Male,Yes,0,Graduate,No,4750,2333.0,130.0,360.0,1.0,Urban,Y,LP002175,Male,Yes,0,0,Graduate,No,4750,130.0,1.0,360.0,Urban
LP002178,Male,Yes,0,Graduate,No,3013,3033.0,95.0,300.0,,Urban,Y,LP002178,Male,Yes,0,0,Graduate,No,3013,95.0,1.0,300.0,Urban
LP002180,Male,No,0,Graduate,Yes,6822,0.0,141.0,360.0,1.0,Rural,Y,LP002180,Male,No,0,0,Graduate,Yes,6822,141.0,1.0,360.0,Rural
LP002181,Male,No,0,Not Graduate,No,6216,0.0,133.0,360.0,1.0,Rural,N,LP002181,Male,No,0,0,Not Graduate,No,6216,133.0,1.0,360.0,Rural
LP002187,Male,No,0,Graduate,No,2500,0.0,96.0,480.0,1.0,Semiurban,N,LP002187,Male,No,0,0,Graduate,No,2500,96.0,1.0,480.0,Semiurban
LP002188,Male,No,0,Graduate,No,5124,0.0,124.0,,0.0,Rural,N,LP002188,Male,No,0,0,Graduate,No,5124,124.0,0.0,360.0,Rural
LP002190,Male,Yes,1,Graduate,No,6325,0.0,175.0,360.0,1.0,Semiurban,Y,LP002190,Male,Yes,1,1,Graduate,No,6325,175.0,1.0,360.0,Semiurban
LP002191,Male,Yes,0,Graduate,No,19730,5266.0,570.0,360.0,1.0,Rural,N,LP002191,Male,Yes,0,0,Graduate,No,19730,570.0,1.0,360.0,Rural
LP002194,Female,No,0,Graduate,Yes,15759,0.0,55.0,360.0,1.0,Semiurban,Y,LP002194,Female,No,0,0,Graduate,Yes,15759,55.0,1.0,360.0,Semiurban
LP002197,Male,Yes,2,Graduate,No,5185,0.0,155.0,360.0,1.0,Semiurban,Y,LP002197,Male,Yes,2,2,Graduate,No,5185,155.0,1.0,360.0,Semiurban
LP002201,Male,Yes,2,Graduate,Yes,9323,7873.0,380.0,300.0,1.0,Rural,Y,LP002201,Male,Yes,2,2,Graduate,Yes,9323,380.0,1.0,300.0,Rural
LP002205,Male,No,1,Graduate,No,3062,1987.0,111.0,180.0,0.0,Urban,N,LP002205,Male,No,1,1,Graduate,No,3062,111.0,0.0,180.0,Urban
LP002209,Female,No,0,Graduate,,2764,1459.0,110.0,360.0,1.0,Urban,Y,LP002209,Female,No,0,0,Graduate,No,2764,110.0,1.0,360.0,Urban
LP002211,Male,Yes,0,Graduate,No,4817,923.0,120.0,180.0,1.0,Urban,Y,LP002211,Male,Yes,0,0,Graduate,No,4817,120.0,1.0,180.0,Urban
LP002219,Male,Yes,3+,Graduate,No,8750,4996.0,130.0,360.0,1.0,Rural,Y,LP002219,Male,Yes,3+,3,Graduate,No,8750,130.0,1.0,360.0,Rural
LP002223,Male,Yes,0,Graduate,No,4310,0.0,130.0,360.0,,Semiurban,Y,LP002223,Male,Yes,0,0,Graduate,No,4310,130.0,1.0,360.0,Semiurban
LP002224,Male,No,0,Graduate,No,3069,0.0,71.0,480.0,1.0,Urban,N,LP002224,Male,No,0,0,Graduate,No,3069,71.0,1.0,480.0,Urban
LP002225,Male,Yes,2,Graduate,No,5391,0.0,130.0,360.0,1.0,Urban,Y,LP002225,Male,Yes,2,2,Graduate,No,5391,130.0,1.0,360.0,Urban
LP002226,Male,Yes,0,Graduate,,3333,2500.0,128.0,360.0,1.0,Semiurban,Y,LP002226,Male,Yes,0,0,Graduate,No,3333,128.0,1.0,360.0,Semiurban
LP002229,Male,No,0,Graduate,No,5941,4232.0,296.0,360.0,1.0,Semiurban,Y,LP002229,Male,No,0,0,Graduate,No,5941,296.0,1.0,360.0,Semiurban
LP002231,Female,No,0,Graduate,No,6000,0.0,156.0,360.0,1.0,Urban,Y,LP002231,Female,No,0,0,Graduate,No,6000,156.0,1.0,360.0,Urban
LP002234,Male,No,0,Graduate,Yes,7167,0.0,128.0,360.0,1.0,Urban,Y,LP002234,Male,No,0,0,Graduate,Yes,7167,128.0,1.0,360.0,Urban
LP002236,Male,Yes,2,Graduate,No,4566,0.0,100.0,360.0,1.0,Urban,N,LP002236,Male,Yes,2,2,Graduate,No,4566,100.0,1.0,360.0,Urban
LP002237,Male,No,1,Graduate,,3667,0.0,113.0,180.0,1.0,Urban,Y,LP002237,Male,No,1,1,Graduate,No,3667,113.0,1.0,180.0,Urban
LP002239,Male,No,0,Not Graduate,No,2346,1600.0,132.0,360.0,1.0,Semiurban,Y,LP002239,Male,No,0,0,Not Graduate,No,2346,132.0,1.0,360.0,Semiurban
LP002243,Male,Yes,0,Not Graduate,No,3010,3136.0,,360.0,0.0,Urban,N,LP002243,Male,Yes,0,0,Not Graduate,No,3010,128.0,0.0,360.0,Urban
LP002244,Male,Yes,0,Graduate,No,2333,2417.0,136.0,360.0,1.0,Urban,Y,LP002244,Male,Yes,0,0,Graduate,No,2333,136.0,1.0,360.0,Urban
LP002250,Male,Yes,0,Graduate,No,5488,0.0,125.0,360.0,1.0,Rural,Y,LP002250,Male,Yes,0,0,Graduate,No,5488,125.0,1.0,360.0,Rural
LP002255,Male,No,3+,Graduate,No,9167,0.0,185.0,360.0,1.0,Rural,Y,LP002255,Male,No,3+,3,Graduate,No,9167,185.0,1.0,360.0,Rural
LP002262,Male,Yes,3+,Graduate,No,9504,0.0,275.0,360.0,1.0,Rural,Y,LP002262,Male,Yes,3+,3,Graduate,No,9504,275.0,1.0,360.0,Rural
LP002263,Male,Yes,0,Graduate,No,2583,2115.0,120.0,360.0,,Urban,Y,LP002263,Male,Yes,0,0,Graduate,No,2583,120.0,1.0,360.0,Urban
LP002265,Male,Yes,2,Not Graduate,No,1993,1625.0,113.0,180.0,1.0,Semiurban,Y,LP002265,Male,Yes,2,2,Not Graduate,No,1993,113.0,1.0,180.0,Semiurban
LP002266,Male,Yes,2,Graduate,No,3100,1400.0,113.0,360.0,1.0,Urban,Y,LP002266,Male,Yes,2,2,Graduate,No,3100,113.0,1.0,360.0,Urban
LP002272,Male,Yes,2,Graduate,No,3276,484.0,135.0,360.0,,Semiurban,Y,LP002272,Male,Yes,2,2,Graduate,No,3276,135.0,1.0,360.0,Semiurban
LP002277,Female,No,0,Graduate,No,3180,0.0,71.0,360.0,0.0,Urban,N,LP002277,Female,No,0,0,Graduate,No,3180,71.0,0.0,360.0,Urban
LP002281,Male,Yes,0,Graduate,No,3033,1459.0,95.0,360.0,1.0,Urban,Y,LP002281,Male,Yes,0,0,Graduate,No,3033,95.0,1.0,360.0,Urban
LP002284,Male,No,0,Not Graduate,No,3902,1666.0,109.0,360.0,1.0,Rural,Y,LP002284,Male,No,0,0,Not Graduate,No,3902,109.0,1.0,360.0,Rural
LP002287,Female,No,0,Graduate,No,1500,1800.0,103.0,360.0,0.0,Semiurban,N,LP002287,Female,No,0,0,Graduate,No,1500,103.0,0.0,360.0,Semiurban
LP002288,Male,Yes,2,Not Graduate,No,2889,0.0,45.0,180.0,0.0,Urban,N,LP002288,Male,Yes,2,2,Not Graduate,No,2889,45.0,0.0,180.0,Urban
LP002296,Male,No,0,Not Graduate,No,2755,0.0,65.0,300.0,1.0,Rural,N,LP002296,Male,No,0,0,Not Graduate,No,2755,65.0,1.0,300.0,Rural
LP002297,Male,No,0,Graduate,No,2500,20000.0,103.0,360.0,1.0,Semiurban,Y,LP002297,Male,No,0,0,Graduate,No,2500,103.0,1.0,360.0,Semiurban
LP002300,Female,No,0,Not Graduate,No,1963,0.0,53.0,360.0,1.0,Semiurban,Y,LP002300,Female,No,0,0,Not Graduate,No,1963,53.0,1.0,360.0,Semiurban
LP002301,Female,No,0,Graduate,Yes,7441,0.0,194.0,360.0,1.0,Rural,N,LP002301,Female,No,0,0,Graduate,Yes,7441,194.0,1.0,360.0,Rural
LP002305,Female,No,0,Graduate,No,4547,0.0,115.0,360.0,1.0,Semiurban,Y,LP002305,Female,No,0,0,Graduate,No,4547,115.0,1.0,360.0,Semiurban
LP002308,Male,Yes,0,Not Graduate,No,2167,2400.0,115.0,360.0,1.0,Urban,Y,LP002308,Male,Yes,0,0,Not Graduate,No,2167,115.0,1.0,360.0,Urban
LP002314,Female,No,0,Not Graduate,No,2213,0.0,66.0,360.0,1.0,Rural,Y,LP002314,Female,No,0,0,Not Graduate,No,2213,66.0,1.0,360.0,Rural
LP002315,Male,Yes,1,Graduate,No,8300,0.0,152.0,300.0,0.0,Semiurban,N,LP002315,Male,Yes,1,1,Graduate,No,8300,152.0,0.0,300.0,Semiurban
LP002317,Male,Yes,3+,Graduate,No,81000,0.0,360.0,360.0,0.0,Rural,N,LP002317,Male,Yes,3+,3,Graduate,No,81000,360.0,0.0,360.0,Rural
LP002318,Female,No,1,Not Graduate,Yes,3867,0.0,62.0,360.0,1.0,Semiurban,N,LP002318,Female,No,1,1,Not Graduate,Yes,3867,62.0,1.0,360.0,Semiurban
LP002319,Male,Yes,0,Graduate,,6256,0.0,160.0,360.0,,Urban,Y,LP002319,Male,Yes,0,0,Graduate,No,6256,160.0,1.0,360.0,Urban
LP002328,Male,Yes,0,Not Graduate,No,6096,0.0,218.0,360.0,0.0,Rural,N,LP002328,Male,Yes,0,0,Not Graduate,No,6096,218.0,0.0,360.0,Rural
LP002332,Male,Yes,0,Not Graduate,No,2253,2033.0,110.0,360.0,1.0,Rural,Y,LP002332,Male,Yes,0,0,Not Graduate,No,2253,110.0,1.0,360.0,Rural
LP002335,Female,Yes,0,Not Graduate,No,2149,3237.0,178.0,360.0,0.0,Semiurban,N,LP002335,Female,Yes,0,0,Not Graduate,No,2149,178.0,0.0,360.0,Semiurban
LP002337,Female,No,0,Graduate,No,2995,0.0,60.0,360.0,1.0,Urban,Y,LP002337,Female,No,0,0,Graduate,No,2995,60.0,1.0,360.0,Urban
LP002341,Female,No,1,Graduate,No,2600,0.0,160.0,360.0,1.0,Urban,N,LP002341,Female,No,1,1,Graduate,No,2600,160.0,1.0,360.0,Urban
LP002342,Male,Yes,2,Graduate,Yes,1600,20000.0,239.0,360.0,1.0,Urban,N,LP002342,Male,Yes,2,2,Graduate,Yes,1600,239.0,1.0,360.0,Urban
LP002345,Male,Yes,0,Graduate,No,1025,2773.0,112.0,360.0,1.0,Rural,Y,LP002345,Male,Yes,0,0,Graduate,No,1025,112.0,1.0,360.0,Rural
LP002347,Male,Yes,0,Graduate,No,3246,1417.0,138.0,360.0,1.0,Semiurban,Y,LP002347,Male,Yes,0,0,Graduate,No,3246,138.0,1.0,360.0,Semiurban
LP002348,Male,Yes,0,Graduate,No,5829,0.0,138.0,360.0,1.0,Rural,Y,LP002348,Male,Yes,0,0,Graduate,No,5829,138.0,1.0,360.0,Rural
LP002357,Female,No,0,Not Graduate,No,2720,0.0,80.0,,0.0,Urban,N,LP002357,Female,No,0,0,Not Graduate,No,2720,80.0,0.0,360.0,Urban
LP002361,Male,Yes,0,Graduate,No,1820,1719.0,100.0,360.0,1.0,Urban,Y,LP002361,Male,Yes,0,0,Graduate,No,1820,100.0,1.0,360.0,Urban
LP002362,Male,Yes,1,Graduate,No,7250,1667.0,110.0,,0.0,Urban,N,LP002362,Male,Yes,1,1,Graduate,No,7250,110.0,0.0,360.0,Urban
LP002364,Male,Yes,0,Graduate,No,14880,0.0,96.0,360.0,1.0,Semiurban,Y,LP002364,Male,Yes,0,0,Graduate,No,14880,96.0,1.0,360.0,Semiurban
LP002366,Male,Yes,0,Graduate,No,2666,4300.0,121.0,360.0,1.0,Rural,Y,LP002366,Male,Yes,0,0,Graduate,No,2666,121.0,1.0,360.0,Rural
LP002367,Female,No,1,Not Graduate,No,4606,0.0,81.0,360.0,1.0,Rural,N,LP002367,Female,No,1,1,Not Graduate,No,4606,81.0,1.0,360.0,Rural
LP002368,Male,Yes,2,Graduate,No,5935,0.0,133.0,360.0,1.0,Semiurban,Y,LP002368,Male,Yes,2,2,Graduate,No,5935,133.0,1.0,360.0,Semiurban
LP002369,Male,Yes,0,Graduate,No,2920,16.12000084,87.0,360.0,1.0,Rural,Y,LP002369,Male,Yes,0,0,Graduate,No,2920,87.0,1.0,360.0,Rural
LP002370,Male,No,0,Not Graduate,No,2717,0.0,60.0,180.0,1.0,Urban,Y,LP002370,Male,No,0,0,Not Graduate,No,2717,60.0,1.0,180.0,Urban
LP002377,Female,No,1,Graduate,Yes,8624,0.0,150.0,360.0,1.0,Semiurban,Y,LP002377,Female,No,1,1,Graduate,Yes,8624,150.0,1.0,360.0,Semiurban
LP002379,Male,No,0,Graduate,No,6500,0.0,105.0,360.0,0.0,Rural,N,LP002379,Male,No,0,0,Graduate,No,6500,105.0,0.0,360.0,Rural
LP002386,Male,No,0,Graduate,,12876,0.0,405.0,360.0,1.0,Semiurban,Y,LP002386,Male,No,0,0,Graduate,No,12876,405.0,1.0,360.0,Semiurban
LP002387,Male,Yes,0,Graduate,No,2425,2340.0,143.0,360.0,1.0,Semiurban,Y,LP002387,Male,Yes,0,0,Graduate,No,2425,143.0,1.0,360.0,Semiurban
LP002390,Male,No,0,Graduate,No,3750,0.0,100.0,360.0,1.0,Urban,Y,LP002390,Male,No,0,0,Graduate,No,3750,100.0,1.0,360.0,Urban
LP002393,Female,,,Graduate,No,10047,0.0,,240.0,1.0,Semiurban,Y,LP002393,Female,Yes,0,0,Graduate,No,10047,128.0,1.0,240.0,Semiurban
LP002398,Male,No,0,Graduate,No,1926,1851.0,50.0,360.0,1.0,Semiurban,Y,LP002398,Male,No,0,0,Graduate,No,1926,50.0,1.0,360.0,Semiurban
LP002401,Male,Yes,0,Graduate,No,2213,1125.0,,360.0,1.0,Urban,Y,LP002401,Male,Yes,0,0,Graduate,No,2213,128.0,1.0,360.0,Urban
LP002403,Male,No,0,Graduate,Yes,10416,0.0,187.0,360.0,0.0,Urban,N,LP002403,Male,No,0,0,Graduate,Yes,10416,187.0,0.0,360.0,Urban
LP002407,Female,Yes,0,Not Graduate,Yes,7142,0.0,138.0,360.0,1.0,Rural,Y,LP002407,Female,Yes,0,0,Not Graduate,Yes,7142,138.0,1.0,360.0,Rural
LP002408,Male,No,0,Graduate,No,3660,5064.0,187.0,360.0,1.0,Semiurban,Y,LP002408,Male,No,0,0,Graduate,No,3660,187.0,1.0,360.0,Semiurban
LP002409,Male,Yes,0,Graduate,No,7901,1833.0,180.0,360.0,1.0,Rural,Y,LP002409,Male,Yes,0,0,Graduate,No,7901,180.0,1.0,360.0,Rural
LP002418,Male,No,3+,Not Graduate,No,4707,1993.0,148.0,360.0,1.0,Semiurban,Y,LP002418,Male,No,3+,3,Not Graduate,No,4707,148.0,1.0,360.0,Semiurban
LP002422,Male,No,1,Graduate,No,37719,0.0,152.0,360.0,1.0,Semiurban,Y,LP002422,Male,No,1,1,Graduate,No,37719,152.0,1.0,360.0,Semiurban
LP002424,Male,Yes,0,Graduate,No,7333,8333.0,175.0,300.0,,Rural,Y,LP002424,Male,Yes,0,0,Graduate,No,7333,175.0,1.0,300.0,Rural
LP002429,Male,Yes,1,Graduate,Yes,3466,1210.0,130.0,360.0,1.0,Rural,Y,LP002429,Male,Yes,1,1,Graduate,Yes,3466,130.0,1.0,360.0,Rural
LP002434,Male,Yes,2,Not Graduate,No,4652,0.0,110.0,360.0,1.0,Rural,Y,LP002434,Male,Yes,2,2,Not Graduate,No,4652,110.0,1.0,360.0,Rural
LP002435,Male,Yes,0,Graduate,,3539,1376.0,55.0,360.0,1.0,Rural,N,LP002435,Male,Yes,0,0,Graduate,No,3539,55.0,1.0,360.0,Rural
LP002443,Male,Yes,2,Graduate,No,3340,1710.0,150.0,360.0,0.0,Rural,N,LP002443,Male,Yes,2,2,Graduate,No,3340,150.0,0.0,360.0,Rural
LP002444,Male,No,1,Not Graduate,Yes,2769,1542.0,190.0,360.0,,Semiurban,N,LP002444,Male,No,1,1,Not Graduate,Yes,2769,190.0,1.0,360.0,Semiurban
LP002446,Male,Yes,2,Not Graduate,No,2309,1255.0,125.0,360.0,0.0,Rural,N,LP002446,Male,Yes,2,2,Not Graduate,No,2309,125.0,0.0,360.0,Rural
LP002447,Male,Yes,2,Not Graduate,No,1958,1456.0,60.0,300.0,,Urban,Y,LP002447,Male,Yes,2,2,Not Graduate,No,1958,60.0,1.0,300.0,Urban
LP002448,Male,Yes,0,Graduate,No,3948,1733.0,149.0,360.0,0.0,Rural,N,LP002448,Male,Yes,0,0,Graduate,No,3948,149.0,0.0,360.0,Rural
LP002449,Male,Yes,0,Graduate,No,2483,2466.0,90.0,180.0,0.0,Rural,Y,LP002449,Male,Yes,0,0,Graduate,No,2483,90.0,0.0,180.0,Rural
LP002453,Male,No,0,Graduate,Yes,7085,0.0,84.0,360.0,1.0,Semiurban,Y,LP002453,Male,No,0,0,Graduate,Yes,7085,84.0,1.0,360.0,Semiurban
LP002455,Male,Yes,2,Graduate,No,3859,0.0,96.0,360.0,1.0,Semiurban,Y,LP002455,Male,Yes,2,2,Graduate,No,3859,96.0,1.0,360.0,Semiurban
LP002459,Male,Yes,0,Graduate,No,4301,0.0,118.0,360.0,1.0,Urban,Y,LP002459,Male,Yes,0,0,Graduate,No,4301,118.0,1.0,360.0,Urban
LP002467,Male,Yes,0,Graduate,No,3708,2569.0,173.0,360.0,1.0,Urban,N,LP002467,Male,Yes,0,0,Graduate,No,3708,173.0,1.0,360.0,Urban
LP002472,Male,No,2,Graduate,No,4354,0.0,136.0,360.0,1.0,Rural,Y,LP002472,Male,No,2,2,Graduate,No,4354,136.0,1.0,360.0,Rural
LP002473,Male,Yes,0,Graduate,No,8334,0.0,160.0,360.0,1.0,Semiurban,N,LP002473,Male,Yes,0,0,Graduate,No,8334,160.0,1.0,360.0,Semiurban
LP002478,,Yes,0,Graduate,Yes,2083,4083.0,160.0,360.0,,Semiurban,Y,LP002478,Male,Yes,0,0,Graduate,Yes,2083,160.0,1.0,360.0,Semiurban
LP002484,Male,Yes,3+,Graduate,No,7740,0.0,128.0,180.0,1.0,Urban,Y,LP002484,Male,Yes,3+,3,Graduate,No,7740,128.0,1.0,180.0,Urban
LP002487,Male,Yes,0,Graduate,No,3015,2188.0,153.0,360.0,1.0,Rural,Y,LP002487,Male,Yes,0,0,Graduate,No,3015,153.0,1.0,360.0,Rural
LP002489,Female,No,1,Not Graduate,,5191,0.0,132.0,360.0,1.0,Semiurban,Y,LP002489,Female,No,1,1,Not Graduate,No,5191,132.0,1.0,360.0,Semiurban
LP002493,Male,No,0,Graduate,No,4166,0.0,98.0,360.0,0.0,Semiurban,N,LP002493,Male,No,0,0,Graduate,No,4166,98.0,0.0,360.0,Semiurban
LP002494,Male,No,0,Graduate,No,6000,0.0,140.0,360.0,1.0,Rural,Y,LP002494,Male,No,0,0,Graduate,No,6000,140.0,1.0,360.0,Rural
LP002500,Male,Yes,3+,Not Graduate,No,2947,1664.0,70.0,180.0,0.0,Urban,N,LP002500,Male,Yes,3+,3,Not Graduate,No,2947,70.0,0.0,180.0,Urban
LP002501,,Yes,0,Graduate,No,16692,0.0,110.0,360.0,1.0,Semiurban,Y,LP002501,Male,Yes,0,0,Graduate,No,16692,110.0,1.0,360.0,Semiurban
LP002502,Female,Yes,2,Not Graduate,,210,2917.0,98.0,360.0,1.0,Semiurban,Y,LP002502,Female,Yes,2,2,Not Graduate,No,210,98.0,1.0,360.0,Semiurban
LP002505,Male,Yes,0,Graduate,No,4333,2451.0,110.0,360.0,1.0,Urban,N,LP002505,Male,Yes,0,0,Graduate,No,4333,110.0,1.0,360.0,Urban
LP002515,Male,Yes,1,Graduate,Yes,3450,2079.0,162.0,360.0,1.0,Semiurban,Y,LP002515,Male,Yes,1,1,Graduate,Yes,3450,162.0,1.0,360.0,Semiurban
LP002517,Male,Yes,1,Not Graduate,No,2653,1500.0,113.0,180.0,0.0,Rural,N,LP002517,Male,Yes,1,1,Not Graduate,No,2653,113.0,0.0,180.0,Rural
LP002519,Male,Yes,3+,Graduate,No,4691,0.0,100.0,360.0,1.0,Semiurban,Y,LP002519,Male,Yes,3+,3,Graduate,No,4691,100.0,1.0,360.0,Semiurban
LP002522,Female,No,0,Graduate,Yes,2500,0.0,93.0,360.0,,Urban,Y,LP002522,Female,No,0,0,Graduate,Yes,2500,93.0,1.0,360.0,Urban
LP002524,Male,No,2,Graduate,No,5532,4648.0,162.0,360.0,1.0,Rural,Y,LP002524,Male,No,2,2,Graduate,No,5532,162.0,1.0,360.0,Rural
LP002527,Male,Yes,2,Graduate,Yes,16525,1014.0,150.0,360.0,1.0,Rural,Y,LP002527,Male,Yes,2,2,Graduate,Yes,16525,150.0,1.0,360.0,Rural
LP002529,Male,Yes,2,Graduate,No,6700,1750.0,230.0,300.0,1.0,Semiurban,Y,LP002529,Male,Yes,2,2,Graduate,No,6700,230.0,1.0,300.0,Semiurban
LP002530,,Yes,2,Graduate,No,2873,1872.0,132.0,360.0,0.0,Semiurban,N,LP002530,Male,Yes,2,2,Graduate,No,2873,132.0,0.0,360.0,Semiurban
LP002531,Male,Yes,1,Graduate,Yes,16667,2250.0,86.0,360.0,1.0,Semiurban,Y,LP002531,Male,Yes,1,1,Graduate,Yes,16667,86.0,1.0,360.0,Semiurban
LP002533,Male,Yes,2,Graduate,No,2947,1603.0,,360.0,1.0,Urban,N,LP002533,Male,Yes,2,2,Graduate,No,2947,128.0,1.0,360.0,Urban
LP002534,Female,No,0,Not Graduate,No,4350,0.0,154.0,360.0,1.0,Rural,Y,LP002534,Female,No,0,0,Not Graduate,No,4350,154.0,1.0,360.0,Rural
LP002536,Male,Yes,3+,Not Graduate,No,3095,0.0,113.0,360.0,1.0,Rural,Y,LP002536,Male,Yes,3+,3,Not Graduate,No,3095,113.0,1.0,360.0,Rural
LP002537,Male,Yes,0,Graduate,No,2083,3150.0,128.0,360.0,1.0,Semiurban,Y,LP002537,Male,Yes,0,0,Graduate,No,2083,128.0,1.0,360.0,Semiurban
LP002541,Male,Yes,0,Graduate,No,10833,0.0,234.0,360.0,1.0,Semiurban,Y,LP002541,Male,Yes,0,0,Graduate,No,10833,234.0,1.0,360.0,Semiurban
LP002543,Male,Yes,2,Graduate,No,8333,0.0,246.0,360.0,1.0,Semiurban,Y,LP002543,Male,Yes,2,2,Graduate,No,8333,246.0,1.0,360.0,Semiurban
LP002544,Male,Yes,1,Not Graduate,No,1958,2436.0,131.0,360.0,1.0,Rural,Y,LP002544,Male,Yes,1,1,Not Graduate,No,1958,131.0,1.0,360.0,Rural
LP002545,Male,No,2,Graduate,No,3547,0.0,80.0,360.0,0.0,Rural,N,LP002545,Male,No,2,2,Graduate,No,3547,80.0,0.0,360.0,Rural
LP002547,Male,Yes,1,Graduate,No,18333,0.0,500.0,360.0,1.0,Urban,N,LP002547,Male,Yes,1,1,Graduate,No,18333,500.0,1.0,360.0,Urban
LP002555,Male,Yes,2,Graduate,Yes,4583,2083.0,160.0,360.0,1.0,Semiurban,Y,LP002555,Male,Yes,2,2,Graduate,Yes,4583,160.0,1.0,360.0,Semiurban
LP002556,Male,No,0,Graduate,No,2435,0.0,75.0,360.0,1.0,Urban,N,LP002556,Male,No,0,0,Graduate,No,2435,75.0,1.0,360.0,Urban
LP002560,Male,No,0,Not Graduate,No,2699,2785.0,96.0,360.0,,Semiurban,Y,LP002560,Male,No,0,0,Not Graduate,No,2699,96.0,1.0,360.0,Semiurban
LP002562,Male,Yes,1,Not Graduate,No,5333,1131.0,186.0,360.0,,Urban,Y,LP002562,Male,Yes,1,1,Not Graduate,No,5333,186.0,1.0,360.0,Urban
LP002571,Male,No,0,Not Graduate,No,3691,0.0,110.0,360.0,1.0,Rural,Y,LP002571,Male,No,0,0,Not Graduate,No,3691,110.0,1.0,360.0,Rural
LP002582,Female,No,0,Not Graduate,Yes,17263,0.0,225.0,360.0,1.0,Semiurban,Y,LP002582,Female,No,0,0,Not Graduate,Yes,17263,225.0,1.0,360.0,Semiurban
LP002585,Male,Yes,0,Graduate,No,3597,2157.0,119.0,360.0,0.0,Rural,N,LP002585,Male,Yes,0,0,Graduate,No,3597,119.0,0.0,360.0,Rural
LP002586,Female,Yes,1,Graduate,No,3326,913.0,105.0,84.0,1.0,Semiurban,Y,LP002586,Female,Yes,1,1,Graduate,No,3326,105.0,1.0,84.0,Semiurban
LP002587,Male,Yes,0,Not Graduate,No,2600,1700.0,107.0,360.0,1.0,Rural,Y,LP002587,Male,Yes,0,0,Not Graduate,No,2600,107.0,1.0,360.0,Rural
LP002588,Male,Yes,0,Graduate,No,4625,2857.0,111.0,12.0,,Urban,Y,LP002588,Male,Yes,0,0,Graduate,No,4625,111.0,1.0,12.0,Urban
LP002600,Male,Yes,1,Graduate,Yes,2895,0.0,95.0,360.0,1.0,Semiurban,Y,LP002600,Male,Yes,1,1,Graduate,Yes,2895,95.0,1.0,360.0,Semiurban
LP002602,Male,No,0,Graduate,No,6283,4416.0,209.0,360.0,0.0,Rural,N,LP002602,Male,No,0,0,Graduate,No,6283,209.0,0.0,360.0,Rural
LP002603,Female,No,0,Graduate,No,645,3683.0,113.0,480.0,1.0,Rural,Y,LP002603,Female,No,0,0,Graduate,No,645,113.0,1.0,480.0,Rural
LP002606,Female,No,0,Graduate,No,3159,0.0,100.0,360.0,1.0,Semiurban,Y,LP002606,Female,No,0,0,Graduate,No,3159,100.0,1.0,360.0,Semiurban
LP002615,Male,Yes,2,Graduate,No,4865,5624.0,208.0,360.0,1.0,Semiurban,Y,LP002615,Male,Yes,2,2,Graduate,No,4865,208.0,1.0,360.0,Semiurban
LP002618,Male,Yes,1,Not Graduate,No,4050,5302.0,138.0,360.0,,Rural,N,LP002618,Male,Yes,1,1,Not Graduate,No,4050,138.0,1.0,360.0,Rural
LP002619,Male,Yes,0,Not Graduate,No,3814,1483.0,124.0,300.0,1.0,Semiurban,Y,LP002619,Male,Yes,0,0,Not Graduate,No,3814,124.0,1.0,300.0,Semiurban
LP002622,Male,Yes,2,Graduate,No,3510,4416.0,243.0,360.0,1.0,Rural,Y,LP002622,Male,Yes,2,2,Graduate,No,3510,243.0,1.0,360.0,Rural
LP002624,Male,Yes,0,Graduate,No,20833,6667.0,480.0,360.0,,Urban,Y,LP002624,Male,Yes,0,0,Graduate,No,20833,480.0,1.0,360.0,Urban
LP002625,,No,0,Graduate,No,3583,0.0,96.0,360.0,1.0,Urban,N,LP002625,Male,No,0,0,Graduate,No,3583,96.0,1.0,360.0,Urban
LP002626,Male,Yes,0,Graduate,Yes,2479,3013.0,188.0,360.0,1.0,Urban,Y,LP002626,Male,Yes,0,0,Graduate,Yes,2479,188.0,1.0,360.0,Urban
LP002634,Female,No,1,Graduate,No,13262,0.0,40.0,360.0,1.0,Urban,Y,LP002634,Female,No,1,1,Graduate,No,13262,40.0,1.0,360.0,Urban
LP002637,Male,No,0,Not Graduate,No,3598,1287.0,100.0,360.0,1.0,Rural,N,LP002637,Male,No,0,0,Not Graduate,No,3598,100.0,1.0,360.0,Rural
LP002640,Male,Yes,1,Graduate,No,6065,2004.0,250.0,360.0,1.0,Semiurban,Y,LP002640,Male,Yes,1,1,Graduate,No,6065,250.0,1.0,360.0,Semiurban
LP002643,Male,Yes,2,Graduate,No,3283,2035.0,148.0,360.0,1.0,Urban,Y,LP002643,Male,Yes,2,2,Graduate,No,3283,148.0,1.0,360.0,Urban
LP002648,Male,Yes,0,Graduate,No,2130,6666.0,70.0,180.0,1.0,Semiurban,N,LP002648,Male,Yes,0,0,Graduate,No,2130,70.0,1.0,180.0,Semiurban
LP002652,Male,No,0,Graduate,No,5815,3666.0,311.0,360.0,1.0,Rural,N,LP002652,Male,No,0,0,Graduate,No,5815,311.0,1.0,360.0,Rural
LP002659,Male,Yes,3+,Graduate,No,3466,3428.0,150.0,360.0,1.0,Rural,Y,LP002659,Male,Yes,3+,3,Graduate,No,3466,150.0,1.0,360.0,Rural
LP002670,Female,Yes,2,Graduate,No,2031,1632.0,113.0,480.0,1.0,Semiurban,Y,LP002670,Female,Yes,2,2,Graduate,No,2031,113.0,1.0,480.0,Semiurban
LP002682,Male,Yes,,Not Graduate,No,3074,1800.0,123.0,360.0,0.0,Semiurban,N,LP002682,Male,Yes,0,0,Not Graduate,No,3074,123.0,0.0,360.0,Semiurban
LP002683,Male,No,0,Graduate,No,4683,1915.0,185.0,360.0,1.0,Semiurban,N,LP002683,Male,No,0,0,Graduate,No,4683,185.0,1.0,360.0,Semiurban
LP002684,Female,No,0,Not Graduate,No,3400,0.0,95.0,360.0,1.0,Rural,N,LP002684,Female,No,0,0,Not Graduate,No,3400,95.0,1.0,360.0,Rural
LP002689,Male,Yes,2,Not Graduate,No,2192,1742.0,45.0,360.0,1.0,Semiurban,Y,LP002689,Male,Yes,2,2,Not Graduate,No,2192,45.0,1.0,360.0,Semiurban
LP002690,Male,No,0,Graduate,No,2500,0.0,55.0,360.0,1.0,Semiurban,Y,LP002690,Male,No,0,0,Graduate,No,2500,55.0,1.0,360.0,Semiurban
LP002692,Male,Yes,3+,Graduate,Yes,5677,1424.0,100.0,360.0,1.0,Rural,Y,LP002692,Male,Yes,3+,3,Graduate,Yes,5677,100.0,1.0,360.0,Rural
LP002693,Male,Yes,2,Graduate,Yes,7948,7166.0,480.0,360.0,1.0,Rural,Y,LP002693,Male,Yes,2,2,Graduate,Yes,7948,480.0,1.0,360.0,Rural
LP002697,Male,No,0,Graduate,No,4680,2087.0,,360.0,1.0,Semiurban,N,LP002697,Male,No,0,0,Graduate,No,4680,128.0,1.0,360.0,Semiurban
LP002699,Male,Yes,2,Graduate,Yes,17500,0.0,400.0,360.0,1.0,Rural,Y,LP002699,Male,Yes,2,2,Graduate,Yes,17500,400.0,1.0,360.0,Rural
LP002705,Male,Yes,0,Graduate,No,3775,0.0,110.0,360.0,1.0,Semiurban,Y,LP002705,Male,Yes,0,0,Graduate,No,3775,110.0,1.0,360.0,Semiurban
LP002706,Male,Yes,1,Not Graduate,No,5285,1430.0,161.0,360.0,0.0,Semiurban,Y,LP002706,Male,Yes,1,1,Not Graduate,No,5285,161.0,0.0,360.0,Semiurban
LP002714,Male,No,1,Not Graduate,No,2679,1302.0,94.0,360.0,1.0,Semiurban,Y,LP002714,Male,No,1,1,Not Graduate,No,2679,94.0,1.0,360.0,Semiurban
LP002716,Male,No,0,Not Graduate,No,6783,0.0,130.0,360.0,1.0,Semiurban,Y,LP002716,Male,No,0,0,Not Graduate,No,6783,130.0,1.0,360.0,Semiurban
LP002717,Male,Yes,0,Graduate,No,1025,5500.0,216.0,360.0,,Rural,Y,LP002717,Male,Yes,0,0,Graduate,No,1025,216.0,1.0,360.0,Rural
LP002720,Male,Yes,3+,Graduate,No,4281,0.0,100.0,360.0,1.0,Urban,Y,LP002720,Male,Yes,3+,3,Graduate,No,4281,100.0,1.0,360.0,Urban
LP002723,Male,No,2,Graduate,No,3588,0.0,110.0,360.0,0.0,Rural,N,LP002723,Male,No,2,2,Graduate,No,3588,110.0,0.0,360.0,Rural
LP002729,Male,No,1,Graduate,No,11250,0.0,196.0,360.0,,Semiurban,N,LP002729,Male,No,1,1,Graduate,No,11250,196.0,1.0,360.0,Semiurban
LP002731,Female,No,0,Not Graduate,Yes,18165,0.0,125.0,360.0,1.0,Urban,Y,LP002731,Female,No,0,0,Not Graduate,Yes,18165,125.0,1.0,360.0,Urban
LP002732,Male,No,0,Not Graduate,,2550,2042.0,126.0,360.0,1.0,Rural,Y,LP002732,Male,No,0,0,Not Graduate,No,2550,126.0,1.0,360.0,Rural
LP002734,Male,Yes,0,Graduate,No,6133,3906.0,324.0,360.0,1.0,Urban,Y,LP002734,Male,Yes,0,0,Graduate,No,6133,324.0,1.0,360.0,Urban
LP002738,Male,No,2,Graduate,No,3617,0.0,107.0,360.0,1.0,Semiurban,Y,LP002738,Male,No,2,2,Graduate,No,3617,107.0,1.0,360.0,Semiurban
LP002739,Male,Yes,0,Not Graduate,No,2917,536.0,66.0,360.0,1.0,Rural,N,LP002739,Male,Yes,0,0,Not Graduate,No,2917,66.0,1.0,360.0,Rural
LP002740,Male,Yes,3+,Graduate,No,6417,0.0,157.0,180.0,1.0,Rural,Y,LP002740,Male,Yes,3+,3,Graduate,No,6417,157.0,1.0,180.0,Rural
LP002741,Female,Yes,1,Graduate,No,4608,2845.0,140.0,180.0,1.0,Semiurban,Y,LP002741,Female,Yes,1,1,Graduate,No,4608,140.0,1.0,180.0,Semiurban
LP002743,Female,No,0,Graduate,No,2138,0.0,99.0,360.0,0.0,Semiurban,N,LP002743,Female,No,0,0,Graduate,No,2138,99.0,0.0,360.0,Semiurban
LP002753,Female,No,1,Graduate,,3652,0.0,95.0,360.0,1.0,Semiurban,Y,LP002753,Female,No,1,1,Graduate,No,3652,95.0,1.0,360.0,Semiurban
LP002755,Male,Yes,1,Not Graduate,No,2239,2524.0,128.0,360.0,1.0,Urban,Y,LP002755,Male,Yes,1,1,Not Graduate,No,2239,128.0,1.0,360.0,Urban
LP002757,Female,Yes,0,Not Graduate,No,3017,663.0,102.0,360.0,,Semiurban,Y,LP002757,Female,Yes,0,0,Not Graduate,No,3017,102.0,1.0,360.0,Semiurban
LP002767,Male,Yes,0,Graduate,No,2768,1950.0,155.0,360.0,1.0,Rural,Y,LP002767,Male,Yes,0,0,Graduate,No,2768,155.0,1.0,360.0,Rural
LP002768,Male,No,0,Not Graduate,No,3358,0.0,80.0,36.0,1.0,Semiurban,N,LP002768,Male,No,0,0,Not Graduate,No,3358,80.0,1.0,36.0,Semiurban
LP002772,Male,No,0,Graduate,No,2526,1783.0,145.0,360.0,1.0,Rural,Y,LP002772,Male,No,0,0,Graduate,No,2526,145.0,1.0,360.0,Rural
LP002776,Female,No,0,Graduate,No,5000,0.0,103.0,360.0,0.0,Semiurban,N,LP002776,Female,No,0,0,Graduate,No,5000,103.0,0.0,360.0,Semiurban
LP002777,Male,Yes,0,Graduate,No,2785,2016.0,110.0,360.0,1.0,Rural,Y,LP002777,Male,Yes,0,0,Graduate,No,2785,110.0,1.0,360.0,Rural
LP002778,Male,Yes,2,Graduate,Yes,6633,0.0,,360.0,0.0,Rural,N,LP002778,Male,Yes,2,2,Graduate,Yes,6633,128.0,0.0,360.0,Rural
LP002784,Male,Yes,1,Not Graduate,No,2492,2375.0,,360.0,1.0,Rural,Y,LP002784,Male,Yes,1,1,Not Graduate,No,2492,128.0,1.0,360.0,Rural
LP002785,Male,Yes,1,Graduate,No,3333,3250.0,158.0,360.0,1.0,Urban,Y,LP002785,Male,Yes,1,1,Graduate,No,3333,158.0,1.0,360.0,Urban
LP002788,Male,Yes,0,Not Graduate,No,2454,2333.0,181.0,360.0,0.0,Urban,N,LP002788,Male,Yes,0,0,Not Graduate,No,2454,181.0,0.0,360.0,Urban
LP002789,Male,Yes,0,Graduate,No,3593,4266.0,132.0,180.0,0.0,Rural,N,LP002789,Male,Yes,0,0,Graduate,No,3593,132.0,0.0,180.0,Rural
LP002792,Male,Yes,1,Graduate,No,5468,1032.0,26.0,360.0,1.0,Semiurban,Y,LP002792,Male,Yes,1,1,Graduate,No,5468,26.0,1.0,360.0,Semiurban
LP002794,Female,No,0,Graduate,No,2667,1625.0,84.0,360.0,,Urban,Y,LP002794,Female,No,0,0,Graduate,No,2667,84.0,1.0,360.0,Urban
LP002795,Male,Yes,3+,Graduate,Yes,10139,0.0,260.0,360.0,1.0,Semiurban,Y,LP002795,Male,Yes,3+,3,Graduate,Yes,10139,260.0,1.0,360.0,Semiurban
LP002798,Male,Yes,0,Graduate,No,3887,2669.0,162.0,360.0,1.0,Semiurban,Y,LP002798,Male,Yes,0,0,Graduate,No,3887,162.0,1.0,360.0,Semiurban
LP002804,Female,Yes,0,Graduate,No,4180,2306.0,182.0,360.0,1.0,Semiurban,Y,LP002804,Female,Yes,0,0,Graduate,No,4180,182.0,1.0,360.0,Semiurban
LP002807,Male,Yes,2,Not Graduate,No,3675,242.0,108.0,360.0,1.0,Semiurban,Y,LP002807,Male,Yes,2,2,Not Graduate,No,3675,108.0,1.0,360.0,Semiurban
LP002813,Female,Yes,1,Graduate,Yes,19484,0.0,600.0,360.0,1.0,Semiurban,Y,LP002813,Female,Yes,1,1,Graduate,Yes,19484,600.0,1.0,360.0,Semiurban
LP002820,Male,Yes,0,Graduate,No,5923,2054.0,211.0,360.0,1.0,Rural,Y,LP002820,Male,Yes,0,0,Graduate,No,5923,211.0,1.0,360.0,Rural
LP002821,Male,No,0,Not Graduate,Yes,5800,0.0,132.0,360.0,1.0,Semiurban,Y,LP002821,Male,No,0,0,Not Graduate,Yes,5800,132.0,1.0,360.0,Semiurban
LP002832,Male,Yes,2,Graduate,No,8799,0.0,258.0,360.0,0.0,Urban,N,LP002832,Male,Yes,2,2,Graduate,No,8799,258.0,0.0,360.0,Urban
LP002833,Male,Yes,0,Not Graduate,No,4467,0.0,120.0,360.0,,Rural,Y,LP002833,Male,Yes,0,0,Not Graduate,No,4467,120.0,1.0,360.0,Rural
LP002836,Male,No,0,Graduate,No,3333,0.0,70.0,360.0,1.0,Urban,Y,LP002836,Male,No,0,0,Graduate,No,3333,70.0,1.0,360.0,Urban
LP002837,Male,Yes,3+,Graduate,No,3400,2500.0,123.0,360.0,0.0,Rural,N,LP002837,Male,Yes,3+,3,Graduate,No,3400,123.0,0.0,360.0,Rural
LP002840,Female,No,0,Graduate,No,2378,0.0,9.0,360.0,1.0,Urban,N,LP002840,Female,No,0,0,Graduate,No,2378,9.0,1.0,360.0,Urban
LP002841,Male,Yes,0,Graduate,No,3166,2064.0,104.0,360.0,0.0,Urban,N,LP002841,Male,Yes,0,0,Graduate,No,3166,104.0,0.0,360.0,Urban
LP002842,Male,Yes,1,Graduate,No,3417,1750.0,186.0,360.0,1.0,Urban,Y,LP002842,Male,Yes,1,1,Graduate,No,3417,186.0,1.0,360.0,Urban
LP002847,Male,Yes,,Graduate,No,5116,1451.0,165.0,360.0,0.0,Urban,N,LP002847,Male,Yes,0,0,Graduate,No,5116,165.0,0.0,360.0,Urban
LP002855,Male,Yes,2,Graduate,No,16666,0.0,275.0,360.0,1.0,Urban,Y,LP002855,Male,Yes,2,2,Graduate,No,16666,275.0,1.0,360.0,Urban
LP002862,Male,Yes,2,Not Graduate,No,6125,1625.0,187.0,480.0,1.0,Semiurban,N,LP002862,Male,Yes,2,2,Not Graduate,No,6125,187.0,1.0,480.0,Semiurban
LP002863,Male,Yes,3+,Graduate,No,6406,0.0,150.0,360.0,1.0,Semiurban,N,LP002863,Male,Yes,3+,3,Graduate,No,6406,150.0,1.0,360.0,Semiurban
LP002868,Male,Yes,2,Graduate,No,3159,461.0,108.0,84.0,1.0,Urban,Y,LP002868,Male,Yes,2,2,Graduate,No,3159,108.0,1.0,84.0,Urban
LP002872,,Yes,0,Graduate,No,3087,2210.0,136.0,360.0,0.0,Semiurban,N,LP002872,Male,Yes,0,0,Graduate,No,3087,136.0,0.0,360.0,Semiurban
LP002874,Male,No,0,Graduate,No,3229,2739.0,110.0,360.0,1.0,Urban,Y,LP002874,Male,No,0,0,Graduate,No,3229,110.0,1.0,360.0,Urban
LP002877,Male,Yes,1,Graduate,No,1782,2232.0,107.0,360.0,1.0,Rural,Y,LP002877,Male,Yes,1,1,Graduate,No,1782,107.0,1.0,360.0,Rural
LP002888,Male,No,0,Graduate,,3182,2917.0,161.0,360.0,1.0,Urban,Y,LP002888,Male,No,0,0,Graduate,No,3182,161.0,1.0,360.0,Urban
LP002892,Male,Yes,2,Graduate,No,6540,0.0,205.0,360.0,1.0,Semiurban,Y,LP002892,Male,Yes,2,2,Graduate,No,6540,205.0,1.0,360.0,Semiurban
LP002893,Male,No,0,Graduate,No,1836,33837.0,90.0,360.0,1.0,Urban,N,LP002893,Male,No,0,0,Graduate,No,1836,90.0,1.0,360.0,Urban
LP002894,Female,Yes,0,Graduate,No,3166,0.0,36.0,360.0,1.0,Semiurban,Y,LP002894,Female,Yes,0,0,Graduate,No,3166,36.0,1.0,360.0,Semiurban
LP002898,Male,Yes,1,Graduate,No,1880,0.0,61.0,360.0,,Rural,N,LP002898,Male,Yes,1,1,Graduate,No,1880,61.0,1.0,360.0,Rural
LP002911,Male,Yes,1,Graduate,No,2787,1917.0,146.0,360.0,0.0,Rural,N,LP002911,Male,Yes,1,1,Graduate,No,2787,146.0,0.0,360.0,Rural
LP002912,Male,Yes,1,Graduate,No,4283,3000.0,172.0,84.0,1.0,Rural,N,LP002912,Male,Yes,1,1,Graduate,No,4283,172.0,1.0,84.0,Rural
LP002916,Male,Yes,0,Graduate,No,2297,1522.0,104.0,360.0,1.0,Urban,Y,LP002916,Male,Yes,0,0,Graduate,No,2297,104.0,1.0,360.0,Urban
LP002917,Female,No,0,Not Graduate,No,2165,0.0,70.0,360.0,1.0,Semiurban,Y,LP002917,Female,No,0,0,Not Graduate,No,2165,70.0,1.0,360.0,Semiurban
LP002925,,No,0,Graduate,No,4750,0.0,94.0,360.0,1.0,Semiurban,Y,LP002925,Male,No,0,0,Graduate,No,4750,94.0,1.0,360.0,Semiurban
LP002926,Male,Yes,2,Graduate,Yes,2726,0.0,106.0,360.0,0.0,Semiurban,N,LP002926,Male,Yes,2,2,Graduate,Yes,2726,106.0,0.0,360.0,Semiurban
LP002928,Male,Yes,0,Graduate,No,3000,3416.0,56.0,180.0,1.0,Semiurban,Y,LP002928,Male,Yes,0,0,Graduate,No,3000,56.0,1.0,180.0,Semiurban
LP002931,Male,Yes,2,Graduate,Yes,6000,0.0,205.0,240.0,1.0,Semiurban,N,LP002931,Male,Yes,2,2,Graduate,Yes,6000,205.0,1.0,240.0,Semiurban
LP002933,,No,3+,Graduate,Yes,9357,0.0,292.0,360.0,1.0,Semiurban,Y,LP002933,Male,No,3+,3,Graduate,Yes,9357,292.0,1.0,360.0,Semiurban
LP002936,Male,Yes,0,Graduate,No,3859,3300.0,142.0,180.0,1.0,Rural,Y,LP002936,Male,Yes,0,0,Graduate,No,3859,142.0,1.0,180.0,Rural
LP002938,Male,Yes,0,Graduate,Yes,16120,0.0,260.0,360.0,1.0,Urban,Y,LP002938,Male,Yes,0,0,Graduate,Yes,16120,260.0,1.0,360.0,Urban
LP002940,Male,No,0,Not Graduate,No,3833,0.0,110.0,360.0,1.0,Rural,Y,LP002940,Male,No,0,0,Not Graduate,No,3833,110.0,1.0,360.0,Rural
LP002941,Male,Yes,2,Not Graduate,Yes,6383,1000.0,187.0,360.0,1.0,Rural,N,LP002941,Male,Yes,2,2,Not Graduate,Yes,6383,187.0,1.0,360.0,Rural
LP002943,Male,No,,Graduate,No,2987,0.0,88.0,360.0,0.0,Semiurban,N,LP002943,Male,No,0,0,Graduate,No,2987,88.0,0.0,360.0,Semiurban
LP002945,Male,Yes,0,Graduate,Yes,9963,0.0,180.0,360.0,1.0,Rural,Y,LP002945,Male,Yes,0,0,Graduate,Yes,9963,180.0,1.0,360.0,Rural
LP002948,Male,Yes,2,Graduate,No,5780,0.0,192.0,360.0,1.0,Urban,Y,LP002948,Male,Yes,2,2,Graduate,No,5780,192.0,1.0,360.0,Urban
LP002949,Female,No,3+,Graduate,,416,41667.0,350.0,180.0,,Urban,N,LP002949,Female,No,3+,3,Graduate,No,416,350.0,1.0,180.0,Urban
LP002950,Male,Yes,0,Not Graduate,,2894,2792.0,155.0,360.0,1.0,Rural,Y,LP002950,Male,Yes,0,0,Not Graduate,No,2894,155.0,1.0,360.0,Rural
LP002953,Male,Yes,3+,Graduate,No,5703,0.0,128.0,360.0,1.0,Urban,Y,LP002953,Male,Yes,3+,3,Graduate,No,5703,128.0,1.0,360.0,Urban
LP002958,Male,No,0,Graduate,No,3676,4301.0,172.0,360.0,1.0,Rural,Y,LP002958,Male,No,0,0,Graduate,No,3676,172.0,1.0,360.0,Rural
LP002959,Female,Yes,1,Graduate,No,12000,0.0,496.0,360.0,1.0,Semiurban,Y,LP002959,Female,Yes,1,1,Graduate,No,12000,496.0,1.0,360.0,Semiurban
LP002960,Male,Yes,0,Not Graduate,No,2400,3800.0,,180.0,1.0,Urban,N,LP002960,Male,Yes,0,0,Not Graduate,No,2400,128.0,1.0,180.0,Urban
LP002961,Male,Yes,1,Graduate,No,3400,2500.0,173.0,360.0,1.0,Semiurban,Y,LP002961,Male,Yes,1,1,Graduate,No,3400,173.0,1.0,360.0,Semiurban
LP002964,Male,Yes,2,Not Graduate,No,3987,1411.0,157.0,360.0,1.0,Rural,Y,LP002964,Male,Yes,2,2,Not Graduate,No,3987,157.0,1.0,360.0,Rural
LP002974,Male,Yes,0,Graduate,No,3232,1950.0,108.0,360.0,1.0,Rural,Y,LP002974,Male,Yes,0,0,Graduate,No,3232,108.0,1.0,360.0,Rural
LP002978,Female,No,0,Graduate,No,2900,0.0,71.0,360.0,1.0,Rural,Y,LP002978,Female,No,0,0,Graduate,No,2900,71.0,1.0,360.0,Rural
LP002979,Male,Yes,3+,Graduate,No,4106,0.0,40.0,180.0,1.0,Rural,Y,LP002979,Male,Yes,3+,3,Graduate,No,4106,40.0,1.0,180.0,Rural
LP002983,Male,Yes,1,Graduate,No,8072,240.0,253.0,360.0,1.0,Urban,Y,LP002983,Male,Yes,1,1,Graduate,No,8072,253.0,1.0,360.0,Urban
LP002984,Male,Yes,2,Graduate,No,7583,0.0,187.0,360.0,1.0,Urban,Y,LP002984,Male,Yes,2,2,Graduate,No,7583,187.0,1.0,360.0,Urban
LP002990,Female,No,0,Graduate,Yes,4583,0.0,133.0,360.0,0.0,Semiurban,N,LP002990,Female,No,0,0,Graduate,Yes,4583,133.0,0.0,360.0,Semiurban
